id,domain,status,purchase_price,renewal_price,attractiveness,demand,length,registrar,created_at,expires_at,status_verified_at
b0501288-becb-4b0f-969b-9c25adf125bc,collector.singles,available,9.49,33.99,high,low,9,namesilo,,,16/09/2026 23:18
09fa53fd-cd15-42b2-8a42-8090634bfc64,heck.singles,available,12.99,,high,low,4,name.com,,,
e031a7e9-e2d2-436f-aec8-422d161062e3,shenandoah.singles,available,26.2,26.2,medium,low,10,cloudflare,,,27/09/2026 21:14
f34d9bcd-a5bb-4934-98d6-9de99d3d9d50,unreached.singles,available,3.98,36.98,medium,low,9,namecheap,,,04/09/2026 18:48
db2d646e-7942-41ff-8999-705a9379081f,unassured.singles,available,3.98,36.98,medium,low,9,namecheap,,,12/09/2026 01:14
f6d72b92-1942-4ed2-83c8-a93831770e89,mother.singles,available,12.99,,high,low,6,name.com,,,
7301c3fe-2fb8-4672-87ed-fa1463281a7e,debased.singles,available,3.98,36.98,medium,low,7,namecheap,,,
c34d6708-b383-4db3-8b51-3cbb58095cf9,uneasy.singles,available,3.98,36.98,medium,low,6,namecheap,,,21/08/2026 19:45
9e68a761-3b00-4470-9a2d-aafd93f08dfc,nuke.singles,available,3.98,36.98,high,low,4,namecheap,,,21/09/2026 00:16
db898054-8142-4f6d-9806-3b9d9d6e7d6c,boy.singles,premium,41.99,,high,low,3,name.com,,,
87b838de-3857-4821-aa01-72624cb95a6a,circinate.singles,available,,,high,low,9,,,,
0fbeb6ec-5d71-411f-a9a7-75e0cc95e3f8,change.singles,available,9.49,33.99,high,medium,6,namesilo,,,27/09/2026 06:58
0abd21b1-66d3-46b7-b966-4173370f6a7b,synthesized.singles,available,3.98,36.98,medium,low,11,namecheap,,,17/09/2026 19:35
3a53c7d8-9633-4b8d-8383-8e48b2b6ae42,belloc.singles,available,9.49,33.99,medium,low,6,namesilo,,,23/09/2026 06:16
67603da2-6c04-4a44-bc91-317baaf1af94,curling.singles,available,3.98,36.98,high,low,7,namecheap,,,13/08/2026 11:21
f373b50b-bfef-4bd7-9b2e-7cc1806052b5,keeps.singles,available,3.98,36.98,high,low,5,namecheap,,,25/09/2026 19:06
2025f905-b400-47ce-9e34-338b6f0e28ea,integrate.singles,available,3.31,27.11,high,low,9,spaceship,,,28/09/2026 06:58
e40fe70a-df6f-473b-9b52-a7535ed2a8d1,mcgill.singles,available,9.49,33.99,high,low,6,namesilo,,,25/09/2026 15:23
939e30bb-943e-4012-ab9c-e35a89751642,accra.singles,available,3.98,36.98,high,low,5,namecheap,,,16/09/2026 23:13
eb7677f0-84d5-4c8b-b677-8a5c58c167f0,pre.singles,available,12.99,,high,low,3,name.com,,,
570fe4ae-924c-48ad-88c5-3f577c9aa205,cope.singles,available,3.98,36.98,high,low,4,namecheap,,,24/09/2026 18:08
f2df14b8-540a-4277-b775-4ac8c0eb025a,playing.singles,available,3.98,36.98,high,low,7,namecheap,,,21/09/2026 16:27
a84de0a2-dcfc-4548-aca7-4e3aed9cecc5,principle.singles,available,9.49,33.99,high,low,9,namesilo,,,27/09/2026 15:26
226a9336-93af-4b0e-a1be-012602d6a834,exit.singles,available,12.99,,high,low,4,name.com,,,
559bd33b-e3f8-4e85-9cc0-d290d6276ac8,peccable.singles,available,3.98,36.98,medium,low,8,namecheap,,,08/09/2026 11:30
000ab6c4-f04c-4176-9a0d-de883dd1bb9e,sedentary.singles,available,3.98,36.98,medium,low,9,namecheap,,,10/09/2026 01:36
71ba7ab0-3dc5-4d21-a06a-0fd4626f4ea7,flexile.singles,available,3.98,36.98,medium,low,7,namecheap,,,18/08/2026 08:06
7cdcd66b-2da7-4c61-a699-8fad4195e1c6,ready.singles,available,9.49,33.99,high,low,5,namesilo,,,27/09/2026 10:01
36118382-4cca-4472-a1db-23bb29a15d48,starboard.singles,available,3.98,36.98,high,low,9,namecheap,,,10/09/2026 18:46
5ccecfc0-508a-4460-ad18-cadbf2b6e40b,complaints.singles,available,9.49,33.99,medium,low,10,namesilo,,,18/09/2026 03:41
a5d9ea0c-799a-43b0-9d34-bfe9af66de8c,sabbatical.singles,available,3.98,36.98,high,low,10,namecheap,,,09/09/2026 20:30
8e96ade0-1141-4367-ae1a-0be286aecd8a,waiting.singles,available,3.98,36.98,high,low,7,namecheap,,,27/09/2026 10:28
ae261d0b-63c8-4f84-8a09-593225b799cc,veracruz.singles,available,3.31,27.11,high,low,8,spaceship,,,28/09/2026 06:50
2c42d429-84a6-4dfd-ab9a-ba85b0a378dd,dataflows.singles,available,9.49,33.99,low,low,10,namesilo,,,21/09/2026 05:22
90dd23a8-dad5-474a-8e79-4e9c61c07908,uncurbed.singles,available,3.98,36.98,medium,low,8,namecheap,,,12/09/2026 04:34
0ff5b980-11d1-4b13-ae5e-5175d2bf1ecc,medium.singles,available,9.49,33.99,high,low,6,namesilo,,,28/09/2026 03:02
aae3624b-e396-457a-8386-856207a23ce7,musically.singles,available,3.98,36.98,high,low,9,namecheap,,,15/09/2026 15:43
d7845cc2-ff56-4734-a743-3c4a38760c7b,jointly.singles,available,12.99,,high,low,7,name.com,,,
ebf5fda3-1c99-4fe6-b42f-79ab444e9bba,metabolous.singles,available,3.98,36.98,medium,low,10,namecheap,,,24/08/2026 21:28
88223948-9d8e-443f-a8da-a01f85904ca3,choosy.singles,available,3.98,36.98,medium,low,6,namecheap,,,12/08/2026 06:53
54a8261e-bea6-40e7-9dac-feadefb82de2,coupled.singles,available,3.98,36.98,high,low,7,namecheap,,,12/08/2026 22:15
67841b5c-d8f1-4b59-945b-353f09d55c2c,sudden.singles,available,3.31,27.11,high,low,6,spaceship,,,28/09/2026 01:51
69c87cbb-6807-48d8-9379-d1252d51f5f9,easton.singles,available,3.98,36.98,medium,low,6,namecheap,,,25/09/2026 16:33
076b1815-0d3d-430a-843f-d8d3426a053e,pockets.singles,available,9.49,33.99,medium,low,7,namesilo,,,27/09/2026 02:53
3edb992f-227b-4e7b-aa86-2c1455219e32,subalpine.singles,available,3.98,36.98,medium,low,9,namecheap,,,
eb795185-d23f-4306-b731-c86881bc7f02,finish.singles,available,3.98,36.98,high,low,6,namecheap,,,08/09/2026 15:33
b56f973b-a5e2-43e1-bc54-f05b2ce9c718,scalable.singles,available,3.98,36.98,high,low,8,namecheap,,,09/09/2026 22:15
be897828-ed26-40e4-975b-18150d5c728a,meaty.singles,available,3.98,36.98,high,low,5,namecheap,,,24/08/2026 18:35
4c527f28-ed6d-4525-a53f-92aebea47d40,domination.singles,available,9.49,33.99,high,low,10,namesilo,,,24/09/2026 23:26
7947d5c4-5c80-456f-8a0d-2f0ea819d3ab,shrub.singles,available,9.49,33.99,high,low,5,namesilo,,,23/09/2026 11:56
67d217e5-5114-4457-b4eb-98eb74a6702d,shoreward.singles,available,3.98,36.98,medium,low,9,namecheap,,,22/08/2026 07:00
89ab0ae2-7acc-499e-9ec0-9f22251523e8,crease.singles,available,3.98,36.98,high,low,6,namecheap,,,13/08/2026 07:14
b6626fcb-7e70-43b0-82f1-49950b0aebbf,extrinsic.singles,available,3.98,36.98,medium,low,9,namecheap,,,17/08/2026 19:37
b3022324-50b4-4189-8feb-d8e02cd7e794,diligently.singles,available,3.98,36.98,medium,low,10,namecheap,,,14/09/2026 12:40
8e6971cd-bc2a-41db-b2b8-39ad9caead76,tellingly.singles,available,9.49,33.99,medium,low,9,namesilo,,,16/09/2026 08:14
fb267265-8f64-4cbe-8887-7da3c9fe0303,eli.singles,available,7.17,28.04,high,low,3,dynadot,,,27/09/2026 18:02
98bb37a6-e990-4caf-a397-89cd018bc321,peirce.singles,available,9.49,33.99,medium,low,6,namesilo,,,23/09/2026 08:23
b3907e76-4a0f-4f1b-8f97-ee4d5efbeaa3,wasteland.singles,available,3.98,36.98,medium,low,9,namecheap,,,08/08/2026 21:11
2b6fe295-e4df-45ee-b78c-b8d2f2292edf,alamo.singles,available,,,high,medium,5,,,,
ec3343ef-cdeb-463c-af40-eafdb1aacda2,spiteful.singles,available,3.98,36.98,medium,low,8,namecheap,,,14/08/2026 04:20
a631c193-edb6-4691-90f9-a32b33c752e7,blanch.singles,available,3.98,36.98,medium,low,6,namecheap,,,04/09/2026 23:27
b6d805af-86ac-446d-a6ff-6c457aa280ee,jammed.singles,available,3.98,36.98,medium,low,6,namecheap,,,22/08/2026 12:07
ea6befc1-e17b-478a-8e25-f365f4c51a0f,ducal.singles,available,3.98,36.98,medium,low,5,namecheap,,,14/08/2026 20:44
7fce7e72-ac99-49e6-9519-ff8e3d5224b4,coupons.singles,available,9.49,33.99,medium,low,7,namesilo,,,21/09/2026 07:55
a9312148-b083-4a5f-be01-284a4025d925,strictly.singles,available,3.98,36.98,high,low,8,namecheap,,,15/09/2026 22:03
93505cd0-5c3f-4615-8fd7-802cb087fe8c,unsaved.singles,available,3.98,36.98,medium,low,7,namecheap,,,12/09/2026 17:57
599763d5-d578-42ee-8460-eef58ab26acc,leash.singles,available,3.98,36.98,high,low,5,namecheap,,,
6e85eb8f-46a7-4ced-943e-10247fe9a85a,nonskid.singles,available,3.98,36.98,medium,low,7,namecheap,,,03/09/2026 20:36
d1c8e6d3-a328-4b8e-b1f5-6047640dc678,inspiring.singles,available,9.49,33.99,high,low,9,namesilo,,,25/09/2026 09:50
252c4d04-c573-441f-9230-97c2c7d55327,jazzy.singles,available,3.98,36.98,high,low,5,namecheap,,,22/08/2026 12:35
3c5c7151-64d5-4c4c-a161-43d06f9160dc,burlesque.singles,available,3.98,36.98,high,low,9,namecheap,,,11/08/2026 10:40
fa4384e0-b019-4b28-bad9-4b0ccbf5e95b,sand.singles,available,12.99,43.99,high,low,4,name.com,,,18/09/2026 15:40
111dcc3b-4339-4e76-818c-4b26fcbb1a6a,dwelling.singles,available,12.99,,high,low,8,name.com,,,
029109a3-a9c9-49b0-9859-e13667dcff29,zhao.singles,available,9.49,33.99,high,low,4,namesilo,,,27/09/2026 20:53
e5ad9490-c571-4b2e-9944-757a83e47281,gorge.singles,available,3.98,36.98,medium,low,5,namecheap,,,23/09/2026 17:20
148d8a3a-127e-4968-8a82-cdaf09c42889,nazimova.singles,available,9.49,33.99,medium,low,8,namesilo,,,18/09/2026 09:38
082460b2-5081-4035-9e44-a0834006713e,tellurium.singles,available,9.49,33.99,medium,low,9,namesilo,,,20/09/2026 23:13
acc58452-dd20-4f40-ba47-51b605572c04,principles.singles,available,12.99,,high,low,10,name.com,,,
8bf3b946-04b7-4ee3-b24b-9521a88e552f,amenities.singles,available,3.98,36.98,high,low,9,namecheap,,,18/09/2026 18:52
8c23a39e-9a6e-4b0f-bded-48a12207f641,billings.singles,premium,78.54,78.54,high,low,8,namesilo,,,23/09/2026 16:32
d8110116-cad2-4368-8843-0557cc0638f6,advisors.singles,available,9.49,33.99,medium,low,8,namesilo,,,24/09/2026 14:22
3bcfb7fb-58f4-4a85-a4d1-2a11871d80a9,andrew.singles,available,12.99,,high,medium,6,name.com,,,
1f6000ec-d825-440d-9b5a-168676291dd0,categorically.singles,available,12.99,,medium,low,13,name.com,,,
c6d10ddd-3d03-42ba-ae16-87739b7d8411,alisma.singles,available,3.98,36.98,medium,low,6,namecheap,,,18/09/2026 08:02
09d767ec-df56-4a1c-bfe6-79d08a31dce8,homy.singles,available,3.98,36.98,high,low,4,namecheap,,,21/08/2026 11:08
6b37aa55-d9c9-41f5-b7f6-184e6a43f960,vascular.singles,available,3.98,36.98,medium,low,8,namecheap,,,13/09/2026 01:33
dcd72f07-b727-420c-a835-6ce70673e49a,cycle.singles,available,3.98,36.98,high,low,5,namecheap,,,08/09/2026 12:19
3eb83dd5-f758-4c06-a93c-0673513a484c,favoritism.singles,available,9.49,33.99,medium,low,10,namesilo,,,24/09/2026 22:35
f1c8731a-4659-469f-9f65-7769507ac41c,optically.singles,available,3.98,36.98,medium,low,9,namecheap,,,15/09/2026 18:03
4d509c67-4268-4525-8082-63c8739dc3e3,arrhenius.singles,available,9.49,33.99,high,low,9,namesilo,,,20/09/2026 09:11
445549f5-280a-4bfc-937c-0433d4bd94af,law.singles,available,12.99,,high,medium,3,name.com,,,
d60ba9c7-6e9d-4c72-9371-b9be8a4bb9c5,actual.singles,available,9.49,33.99,high,low,6,namesilo,,,21/09/2026 16:37
6ed4e904-cede-4d4c-8cfb-fb3add8a6fbc,macleod.singles,available,3.31,27.11,medium,low,7,spaceship,,,28/09/2026 02:12
401c7e84-7ca8-4a49-b98e-72d1754a09a3,scold.singles,available,9.49,33.99,high,low,5,namesilo,,,24/09/2026 16:34
66ec5e35-9510-4d8c-8c3f-27181e273169,bedevil.singles,available,3.98,36.98,medium,low,7,namecheap,,,14/08/2026 21:15
c8d65ae9-a5fb-4cc1-a8ad-c846281ca0a2,accordion.singles,available,9.49,33.99,high,low,9,namesilo,,,16/09/2026 23:02
bb90b91f-9c6c-4fba-906a-cb5a891aba4b,apocynum.singles,available,3.98,36.98,medium,low,8,namecheap,,,19/09/2026 18:15
b2f03fa4-2752-4dfe-8f36-b197355374d4,corey.singles,available,9.49,33.99,high,low,5,namesilo,,,26/09/2026 03:27
05da704b-98b4-4690-8b2f-ef38585e97c8,atar.singles,available,3.98,36.98,medium,low,4,namecheap,,,20/09/2026 19:24
bb511df8-2d40-496a-b53a-0a75c23e49da,ammunition.singles,available,9.49,33.99,high,low,10,namesilo,,,18/09/2026 22:05
ee02029a-d703-4028-b9c8-87c928bf814d,tetragon.singles,available,3.98,36.98,medium,low,8,namecheap,,,09/09/2026 07:24
ded59a27-6864-4541-a0b2-79e1295790dd,nicolas.singles,available,9.49,33.99,high,low,7,namesilo,,,25/09/2026 13:18
8419f2f6-367e-4151-bccf-0e847697eddc,garrett.singles,available,9.49,33.99,high,low,7,namesilo,,,25/09/2026 14:29
b355944c-8f26-4a08-b3df-7947c8260f12,revived.singles,available,3.98,36.98,high,low,7,namecheap,,,09/09/2026 11:00
b36a69c8-8e55-4af4-b33a-dff75393c881,envisioned.singles,available,9.49,33.99,high,low,10,namesilo,,,24/09/2026 14:18
be1e7b40-ff3a-4e96-920a-9a322ba4db81,abloom.singles,available,3.98,36.98,medium,low,6,namecheap,,,
33715aa8-ac2f-4224-861e-610f758befb4,achiever.singles,available,12.99,,high,low,8,name.com,,,
d4e38178-30df-4af2-97b0-ba4778120569,footloose.singles,available,3.98,36.98,high,low,9,namecheap,,,18/08/2026 10:46
cef03043-4a92-44ed-8526-bff584632ee1,agonist.singles,available,3.98,36.98,medium,low,7,namecheap,,,17/09/2026 18:56
b4e0881b-8012-4b0f-851a-e83bde990bc1,apartheid.singles,available,9.49,33.99,medium,low,9,namesilo,,,19/09/2026 16:15
8f498332-a59d-4120-a934-e264f3ada22f,loaf.singles,available,3.98,36.98,high,low,4,namecheap,,,11/09/2026 08:31
494a14bb-e276-4a2f-8cd5-5a791467d563,silvery.singles,available,3.98,36.98,high,low,7,namecheap,,,06/08/2026 17:56
c361ab33-550e-4702-8942-fc8a4d09fd9a,auden.singles,available,9.49,33.99,medium,low,5,namesilo,,,21/09/2026 02:48
40518f87-0cdb-4fec-ae10-eab606b96273,oaxaca.singles,available,9.49,33.99,high,low,6,namesilo,,,28/09/2026 06:30
1344d1e6-0ddf-41eb-908a-7a66e64e1d90,banjul.singles,available,9.49,33.99,medium,low,6,namesilo,,,22/09/2026 02:12
b7c72131-afe5-4eea-bd50-5c9207e78f10,applier.singles,available,3.98,36.98,medium,low,7,namecheap,,,19/09/2026 21:54
516137a3-fe35-4b06-9ade-4b8b418baccc,libby.singles,available,12.99,51.99,high,low,5,godaddy,,,28/09/2026 02:15
46ba592b-2395-43ff-a014-50334281ecff,sat.singles,available,12.99,,high,low,3,name.com,,,
e57ffcbf-c1c2-47be-be54-d9327d5aab06,lucidly.singles,available,3.98,36.98,medium,low,7,namecheap,,,15/09/2026 12:12
8b08cb0e-9ecc-4477-a0a4-a26b8413dbac,finable.singles,available,3.98,36.98,medium,low,7,namecheap,,,18/08/2026 04:28
6b259b59-578c-4423-95fb-31b11db6d083,nonfinite.singles,available,3.98,36.98,medium,low,10,namecheap,,,03/09/2026 18:26
3365caf5-f0b9-4460-8649-600b3e27c88e,banshee.singles,available,9.49,33.99,high,low,7,namesilo,,,22/09/2026 03:09
cfd5dcec-c550-4bfd-b77e-135b7ad88e18,detailed.singles,available,9.49,33.99,high,low,8,namesilo,,,24/09/2026 07:09
3b1c57b1-419c-48dc-930a-69f18ef792ac,derain.singles,available,9.49,33.99,medium,low,6,namesilo,,,19/09/2026 04:09
c109a794-8e21-40cc-9539-9d8bef75b9b2,unlabeled.singles,available,3.98,36.98,medium,low,9,namecheap,,,12/09/2026 14:28
5c107385-c7a1-4226-a5a9-0f50af80e9d4,crosstown.singles,available,3.98,36.98,medium,low,9,namecheap,,,13/08/2026 08:13
bdf0345c-4f60-4cfd-88c9-6b3c4ffdfef7,chairwoman.singles,available,12.99,,high,low,10,name.com,,,
2cf57187-20cc-4d1f-800a-18aeeea1ca2f,oblique.singles,available,3.98,36.98,high,low,7,namecheap,,,14/08/2026 05:11
15a5453f-3c91-4f09-b8f8-27648271c4a3,saddle.singles,available,12.99,,high,low,6,name.com,,,
be1b1880-3728-4178-ac63-2b6561f5d714,balance.singles,available,9.49,33.99,high,low,7,namesilo,,,27/09/2026 12:05
d44837da-d2e6-475c-8f90-f186232d72aa,somnolent.singles,available,3.98,36.98,medium,low,9,namecheap,,,10/09/2026 11:38
c1593e13-6a0f-41c3-af99-c261b334543f,rice.singles,available,3.98,36.98,high,low,4,namecheap,,,28/09/2026 07:31
dbba6862-c548-4da2-9b54-9f8ccd358a15,inveterate.singles,available,3.98,36.98,high,low,10,namecheap,,,22/08/2026 09:02
51a5d5cd-2d90-4cd0-815f-d59f52a57c4e,shahn.singles,available,3.98,36.98,high,low,5,namecheap,,,23/09/2026 07:28
2e2db75e-436f-491f-9c13-e7d696ce3a8e,languid.singles,available,3.98,36.98,medium,low,7,namecheap,,,22/08/2026 18:03
eef6c5ef-38c5-4c63-95db-2dc48b853337,faceless.singles,available,3.98,36.98,medium,low,8,namecheap,,,17/08/2026 20:22
d5bbc53b-e5e2-4163-a4a3-f075b291d8ef,lullaby.singles,available,9.49,33.99,high,low,7,namesilo,,,23/09/2026 09:09
33f7d477-e5b0-4f09-b640-9becb8d41699,nathan.singles,available,9.49,33.99,high,low,6,namesilo,,,25/09/2026 12:13
f8d92222-06aa-4c92-83a2-ad708a373f24,miami.singles,resell,,,high,medium,5,Squarespace Domains II LLC,27/12/2019 23:15,27/12/2031 23:15,26/09/2026 07:32
c2a2dbdd-959e-4499-b14f-16d05a0c4e7b,clinics.singles,available,9.49,33.99,medium,low,7,namesilo,,,20/09/2026 12:34
3e7715e8-d4a8-45ef-841f-b1163cab4a42,angina.singles,available,9.49,33.99,medium,low,6,namesilo,,,19/09/2026 06:08
ce0bce92-6908-4bda-b9cc-39c7b3b0923c,tort.singles,available,9.49,33.99,medium,low,4,namesilo,,,24/09/2026 15:10
2a4c4d42-858f-4fbf-ae28-9d1740e1cd66,keyserver.singles,available,12.99,,medium,low,10,name.com,,,
637686c2-0fda-4261-9965-c5ffe0f3589e,yuri.singles,available,3.31,27.11,high,low,4,spaceship,,,28/09/2026 07:44
3f34f035-c56e-4ea3-80e6-90ab93dd9415,encrusted.singles,available,3.98,36.98,medium,low,9,namecheap,,,13/08/2026 09:24
bf83216a-5032-4305-ae95-741cbe390920,watt.singles,available,12.99,,high,low,4,name.com,,,
a546a6a3-5bdf-419f-bce5-1e88ebb39b0f,bonnily.singles,available,3.98,36.98,medium,low,7,namecheap,,,14/09/2026 01:04
ce8e63e4-a9de-45c3-803a-40d19ff1af53,thematic.singles,available,3.98,36.98,high,low,8,namecheap,,,11/09/2026 12:43
949f0643-34bf-4432-b404-3fa577db7d4c,describe.singles,available,9.49,33.99,high,low,8,namesilo,,,25/09/2026 12:37
43728713-f094-4c33-91c4-58d0c587420a,trigon.singles,available,3.98,36.98,high,low,6,namecheap,,,11/09/2026 19:46
5f46964b-2172-4d79-91dc-0e04b10a5248,mistreat.singles,available,3.98,36.98,medium,low,8,namecheap,,,16/09/2026 19:06
251929fe-ce48-437e-ac06-8df203c8717d,stressed.singles,available,3.98,36.98,medium,low,8,namecheap,,,10/09/2026 22:30
46acc69c-ca0d-4648-9dc4-76faea849b4f,edgewise.singles,available,3.98,36.98,medium,low,8,namecheap,,,14/09/2026 15:02
3ceeaaa4-3047-4a56-ac31-6d9a8749a8ea,rat.singles,available,3.98,36.98,high,low,3,namecheap,,,11/08/2026 09:11
3d86167c-d339-4100-8b3e-ba328ea1ec89,impression.singles,available,12.99,,high,low,10,name.com,,,
86e7ce84-85fa-41b3-9102-f1a4aff38171,obscene.singles,available,3.98,36.98,high,low,7,namecheap,,,
02898d54-609c-40e2-932e-1edd9e46efa9,chilly.singles,available,3.98,36.98,high,low,6,namecheap,,,12/08/2026 05:30
07f90c3d-80ad-4571-a8b6-d8670713fbe5,nocent.singles,available,3.98,36.98,medium,low,6,namecheap,,,03/09/2026 18:02
538f28fa-4700-4baf-ac8d-66c7a655df22,polychrome.singles,available,3.98,36.98,high,low,10,namecheap,,,08/09/2026 23:11
93906fe8-4ea4-4c12-bc1e-52257e104bf8,oceangoing.singles,available,3.98,36.98,medium,low,10,namecheap,,,04/09/2026 00:20
0aeef04e-c715-4c3d-9256-884132e8bd1e,tractors.singles,available,9.49,33.99,medium,low,8,namesilo,,,21/09/2026 06:24
7f72ecb4-6b6f-440e-a0e4-3d1700509f85,crucial.singles,available,9.49,33.99,high,low,7,namesilo,,,22/09/2026 00:39
44cc6143-0140-4b43-801a-ee02a1a63074,specializing.singles,available,9.49,33.99,medium,low,12,namesilo,,,20/09/2026 06:01
0e8a01b7-6433-459b-9420-9d4496fe775f,boats.singles,available,9.49,33.99,high,low,5,namesilo,,,17/09/2026 16:33
7487e9f2-94b7-47e7-bb9f-a6f272b6af65,tubeless.singles,available,3.98,36.98,medium,low,8,namecheap,,,11/09/2026 20:58
a9efc332-b082-4921-a315-b87ed13f7c44,contrasty.singles,available,3.98,36.98,medium,low,9,namecheap,,,12/08/2026 23:32
5893fe93-9ea7-4e78-a4f5-83667b68d03c,bimonthly.singles,available,3.98,36.98,high,low,9,namecheap,,,09/08/2026 22:42
d398e5a7-a18e-455f-be1b-f26ba20b02ec,neighbourhood.singles,available,9.49,33.99,high,low,13,namesilo,,,17/09/2026 15:31
f599820d-0731-4246-9af5-9e69e053f71b,xcl.singles,available,,,medium,low,3,,,,
1611ece4-af11-4758-8199-c7573d71c43d,slipping.singles,available,3.98,36.98,medium,low,8,namecheap,,,10/09/2026 11:05
4304706b-52fd-4d67-8623-a5b97487d2cd,bankia.singles,available,3.98,36.98,medium,low,6,namecheap,,,22/09/2026 02:48
138ab880-a5f3-470d-b2f7-b3e238a91944,biltong.singles,available,9.49,33.99,medium,low,7,namesilo,,,23/09/2026 16:53
4013f7c5-f47c-462a-94de-0736f4679f28,frontal.singles,available,3.98,36.98,high,low,7,namecheap,,,18/08/2026 16:15
3c9f59fa-ad81-4711-9742-371fbe2f590d,lollipop.singles,available,3.98,36.98,high,low,8,namecheap,,,18/09/2026 08:50
0526619a-7dce-4579-af11-1d0412cfbf4d,bassett.singles,available,9.49,33.99,high,low,7,namesilo,,,27/09/2026 07:09
62366b36-a70c-483a-9d64-97060dd9226f,instate.singles,available,12.99,,medium,low,8,name.com,,,
3727e279-b388-45c0-84b5-a95d0632cf2e,doula.singles,available,3.98,36.98,high,low,5,namecheap,,,23/09/2026 21:09
7df44164-4b77-43b3-a536-4e4617264364,matching.singles,available,3.98,36.98,high,low,8,namecheap,,,12/08/2026 13:23
ec106a04-aa89-4e02-9379-b00b94fb5eea,tractile.singles,available,3.98,36.98,medium,low,8,namecheap,,,11/09/2026 18:39
f67e94c8-0a55-4a21-a1e5-9b1a2b29a23e,arca.singles,available,9.49,33.99,high,low,4,namesilo,,,20/09/2026 01:31
040455ff-afb5-487b-be79-03e55925a218,lambent.singles,available,3.98,36.98,medium,low,7,namecheap,,,
f64c8ac7-85f6-4ed0-98d8-ef917edb3c7b,axon.singles,available,9.49,33.99,high,low,4,namesilo,,,21/09/2026 10:30
5e0c1d3d-d1e2-4214-9d2b-10eae00bf598,guilty.singles,available,3.98,36.98,high,low,6,namecheap,,,20/08/2026 20:50
3d753353-497f-4015-8651-0ffccb7bad71,wharton.singles,available,9.49,33.99,high,low,7,namesilo,,,25/09/2026 22:32
31d434ea-ab06-43c3-af4e-8f0929a2500b,flak.singles,available,3.98,36.98,medium,low,4,namecheap,,,
865f5094-f6cb-41b3-b44e-42e80e892bba,niece.singles,available,12.99,,high,low,5,name.com,,,
689a58f1-e546-4cf0-8fb4-791ce14f5777,backblast.singles,available,9.49,33.99,medium,low,9,namesilo,,,21/09/2026 14:26
31abfa27-a1f6-4946-ac15-acb4e9a6b77f,botanic.singles,available,3.98,36.98,high,low,7,namecheap,,,10/08/2026 20:46
36e6c332-4854-4629-ad17-01bdc868c249,turgot.singles,available,9.49,33.99,medium,low,6,namesilo,,,19/09/2026 10:21
0edfa47d-8e03-4682-9c95-0e27d18ef80d,alcohols.singles,available,3.98,36.98,medium,low,8,namecheap,,,20/09/2026 18:31
9c3269b3-b069-4073-8f0e-1c25b75f73f7,sweetie.singles,available,3.98,36.98,high,low,7,namecheap,,,10/09/2026 19:34
45078d80-053c-4480-ba05-9ee1e488573a,ashlar.singles,available,9.49,33.99,high,low,6,namesilo,,,20/09/2026 13:55
1bc7b7b8-bf33-4681-844f-bbb1effd1b3f,affirmations.singles,available,9.49,33.99,medium,low,12,namesilo,,,21/09/2026 01:56
dfdaca69-b866-41e7-abbf-c68e10124923,phantasm.singles,available,3.98,36.98,high,low,8,namecheap,,,08/09/2026 18:36
58ec818d-e051-4ff5-984e-bd139e030f61,allemande.singles,available,9.49,33.99,medium,low,9,namesilo,,,18/09/2026 10:46
b61c2b6d-66af-4c26-83da-9ac09ca0facc,lily.singles,available,12.99,51.99,high,medium,4,godaddy,,,28/09/2026 02:17
6a1493b0-639e-4e56-851d-2c87b0137eff,viscid.singles,available,3.98,36.98,medium,low,6,namecheap,,,20/08/2026 15:23
56c96374-2efc-4c91-8dea-b95d9c162403,seepage.singles,available,3.98,36.98,medium,low,7,namecheap,,,04/09/2026 15:38
d06fdf45-2560-41f4-a2f7-c6cc24c85e52,freiburg.singles,available,9.49,33.99,high,low,8,namesilo,,,28/09/2026 03:48
521c91d3-7cc6-4463-9172-70e91e0b66ba,interrogation.singles,available,7.21,27.29,medium,low,13,porkbun,,,28/09/2026 08:22
575f9cd0-ed72-43b7-a309-f0f0c3a8bf7d,fooling.singles,available,3.98,36.98,high,low,7,namecheap,,,18/08/2026 10:35
2f605d58-b470-4113-8768-0670a8489b12,bucolic.singles,available,3.98,36.98,high,low,7,namecheap,,,06/08/2026 14:14
6aa751d0-2d36-4fef-b61f-f62a006249c8,aerie.singles,available,,,high,medium,5,,,,
722775fb-e60c-49c5-afa3-92c8181e90b8,advert.singles,available,12.99,,high,low,6,name.com,,,
d3eaa931-793d-4ff9-ab32-07f685ed4512,default.singles,available,12.99,,high,low,7,name.com,,,
0a010168-1720-4599-805d-166f191abc8f,slavish.singles,available,3.98,36.98,medium,low,7,namecheap,,,10/09/2026 10:38
b0bf1f8d-b128-4d07-9f2d-6ef0e0ccd884,residual.singles,available,3.98,36.98,high,low,8,namecheap,,,09/09/2026 14:59
55408322-7697-444f-9954-5987739b6c96,mar.singles,available,9.49,33.99,high,low,3,namesilo,,,24/09/2026 05:35
c5e2abc3-4dd1-4b8f-8f80-24f450d2fcb4,courts.singles,available,3.31,27.11,high,low,6,spaceship,,,28/09/2026 03:42
0869d1bd-9e9f-413f-8de4-849d4bcb4b60,beam.singles,available,12.99,,high,medium,4,name.com,,,
c8058ded-2e55-4f0e-b52b-dc4a5ddadce4,tactual.singles,available,3.98,36.98,medium,low,7,namecheap,,,21/08/2026 00:04
8546bf8c-4c69-4c57-95c3-e8a996f3da77,capricious.singles,available,3.98,36.98,medium,low,10,namecheap,,,11/08/2026 18:04
ff04943f-07df-4a3a-9665-74eb52ca52dd,barns.singles,available,9.49,33.99,medium,low,5,namesilo,,,20/09/2026 22:46
cae0741a-54d0-4383-a8dd-dc819a5ea8a9,ardent.singles,available,3.98,36.98,high,low,6,namecheap,,,06/08/2026 16:11
2f3a77eb-f44c-48aa-bee5-6b065a1b0a4e,trigonal.singles,available,3.98,36.98,medium,low,8,namecheap,,,09/09/2026 16:45
6f74a8e8-49db-4e0a-97ab-7fc5d33e7865,somehow.singles,available,12.99,,high,low,7,name.com,,,
68b80067-5b10-4cd8-a43d-fe5ff047fecf,guests.singles,available,9.49,33.99,medium,low,6,namesilo,,,25/09/2026 17:02
4eb6372c-4e33-46ab-bfd1-603b4fc07258,dauntless.singles,available,9.49,33.99,high,low,9,namesilo,,,22/09/2026 12:12
ef19aac9-a237-47f1-80ff-d1a0a4df5119,outlet.singles,available,12.99,,high,low,6,name.com,,,
f6519fda-4a0c-466d-bc75-52fc2941d959,bimetal.singles,available,3.98,36.98,high,low,7,namecheap,,,09/08/2026 22:52
e18c66b4-db21-431b-8d09-ec24e8c03b89,understanding.singles,available,3.98,36.98,high,low,13,namecheap,,,25/09/2026 11:47
cdf69cbd-4ca2-4b8f-85cf-9a751078610a,cockpit.singles,available,12.99,,high,low,7,name.com,,,
e2d51f2e-2821-4638-904d-fae21e958d67,illusion.singles,available,9.49,33.99,high,low,8,namesilo,,,24/09/2026 16:35
541495fe-7e7f-4a52-b4e0-4b880f6dcbdd,bearer.singles,available,3.98,36.98,high,low,6,namecheap,,,22/09/2026 21:14
5f3cb6a7-e223-49d2-af1e-3dba9385b9f3,hundreds.singles,available,3.98,36.98,medium,low,8,namecheap,,,25/09/2026 20:33
211eccd1-9c84-44fc-aac9-69e768d2c8e6,duracell.singles,available,12.99,,high,low,8,name.com,,,
c6bcb66e-c1c0-479a-b497-cc7393ea30ca,impersonal.singles,available,3.98,36.98,medium,low,10,namecheap,,,21/08/2026 22:13
f34e6d9e-44cb-4d62-b8ba-34803faedb15,intention.singles,available,3.98,36.98,high,low,9,namecheap,,,22/08/2026 07:55
91efe7e3-98dc-4570-af35-98be05d5ed05,boney.singles,available,3.98,36.98,medium,low,5,namecheap,,,10/08/2026 18:44
d7de5f3e-a450-4db9-aa83-333f73eb9c86,modelling.singles,available,12.99,,high,low,9,name.com,,,
87c8377e-db9d-4df9-ac0e-0e735b939bcd,vex.singles,available,12.99,43.99,medium,low,3,name.com,,,21/09/2026 17:27
bfb89a4f-2f8e-4c12-ba07-8870c1cdd371,olga.singles,available,9.49,33.99,medium,low,4,namesilo,,,27/09/2026 01:37
2179d25d-07e3-41b1-8da6-c20e07484758,vows.singles,available,26.2,26.2,medium,low,4,cloudflare,,,28/09/2026 04:45
2a887973-9062-4316-ba5b-9b86457cef7e,endearing.singles,available,3.98,36.98,high,low,9,namecheap,,,21/09/2026 19:24
35380dad-ff6a-4355-aae1-8629e91817d9,manner.singles,available,12.99,,high,low,6,name.com,,,
c482dfde-6ca8-4df9-9d1b-51f0942afb95,advice.singles,available,12.99,,high,low,6,name.com,,,
c0411313-5bf6-4305-9ded-55fa9ad76889,abator.singles,available,9.49,33.99,medium,low,6,namesilo,,,16/09/2026 14:13
084ebaa6-468c-4b4a-8c34-df8746cef0cd,secrecy.singles,available,3.98,36.98,high,low,7,namecheap,,,24/09/2026 17:03
584d466d-e5c9-41c9-895f-e1466354a2fd,diminuendo.singles,available,3.98,36.98,medium,low,10,namecheap,,,13/08/2026 22:19
1d6c36fd-6da4-4826-bb2f-a61ad3be2d93,romany.singles,available,3.98,36.98,high,low,6,namecheap,,,10/08/2026 17:25
2b7282e5-b968-41d2-adce-11eb1cc3f092,approaching.singles,available,9.49,33.99,high,low,11,namesilo,,,25/09/2026 11:21
dbe6788a-7b1b-421d-bbbf-dde31ae063d9,remained.singles,available,9.49,33.99,medium,low,8,namesilo,,,18/09/2026 11:23
03b3c9c1-f002-46a3-b737-d34e2a35099d,autarkic.singles,available,3.98,36.98,medium,low,8,namecheap,,,07/08/2026 18:47
0920c16c-6a20-4ef1-96b5-6bdbafc7f5c5,punky.singles,available,3.98,36.98,medium,low,5,namecheap,,,23/09/2026 22:32
02176f0d-1728-4799-a4c1-c4d207e312bf,feast.singles,available,9.49,33.99,high,low,5,namesilo,,,22/09/2026 03:01
b3673b69-7342-4618-b8f6-d7947fb90870,smashingly.singles,available,3.98,36.98,medium,low,10,namecheap,,,16/09/2026 02:49
2f7819c8-4e84-47ad-932f-a464a403aa3d,nontoxic.singles,available,3.98,36.98,medium,low,8,namecheap,,,18/09/2026 21:11
d2f5f97d-beca-4a94-98ec-6389c3943965,warned.singles,available,9.49,33.99,medium,low,6,namesilo,,,18/09/2026 02:46
6907d069-cf23-4352-a9e2-5fda2e6a9702,aureole.singles,available,9.49,33.99,high,low,7,namesilo,,,21/09/2026 04:18
ba1d4daa-f7e1-4acd-992c-ef3b31e239b0,economic.singles,available,3.98,36.98,high,low,8,namecheap,,,24/09/2026 13:22
810b80f0-1ec1-41f8-a68c-58b6095f5778,wintry.singles,available,3.98,36.98,medium,low,6,namecheap,,,18/08/2026 16:31
d7debbe8-aa41-40c1-aabd-1d5d342fa137,lanky.singles,available,3.98,36.98,medium,low,5,namecheap,,,18/08/2026 20:11
28b8cd4c-07a0-4590-b9eb-629131351dc9,breeding.singles,available,3.98,36.98,high,low,8,namecheap,,,11/08/2026 03:36
1b8ea2a9-3da8-4a87-8d56-221e93befdea,borrowed.singles,available,9.49,33.99,medium,low,8,namesilo,,,27/09/2026 09:49
15bfab88-f959-4291-8fd8-bea1494f3b5b,peeking.singles,available,12.99,,high,low,7,name.com,,,
8de022f9-62e4-406b-b2f3-2dc82366be9b,nicely.singles,available,3.98,36.98,high,low,6,namecheap,,,15/09/2026 16:32
465a79f3-3bae-4afe-bee0-0b4fe42ab6f4,anyway.singles,available,3.98,36.98,medium,low,6,namecheap,,,27/09/2026 22:14
5b5802a1-1ff5-45dd-9f59-58b8dc7cdd3a,unheralded.singles,available,3.98,36.98,medium,low,10,namecheap,,,12/09/2026 00:42
d6c7b790-5794-4282-bced-f4a8c7488551,benedick.singles,available,9.49,33.99,high,low,8,namesilo,,,23/09/2026 07:51
33b17da8-f129-41d6-8f2b-12f16b88a0c5,acetabulum.singles,available,3.98,36.98,medium,low,10,namecheap,,,16/09/2026 23:45
a5265f14-96f4-4c2d-890e-b7ce15d3011f,metastable.singles,available,3.98,36.98,medium,low,10,namecheap,,,24/08/2026 21:47
591f0fdc-8e3d-4ee8-9e9c-a9c2bbe07618,tandem.singles,available,3.98,36.98,high,low,6,namecheap,,,15/09/2026 06:56
613dff1b-e1a9-4f30-bf26-c405ab82aa0d,verdant.singles,available,3.98,36.98,high,low,7,namecheap,,,13/09/2026 02:22
17396abb-f100-46d9-a238-e476614711dd,thrasher.singles,available,9.49,33.99,medium,low,8,namesilo,,,18/09/2026 13:24
0a6c27d9-7a6e-4b19-b7af-98423797b806,cinematic.singles,available,3.98,36.98,high,low,9,namecheap,,,12/08/2026 08:13
216d777a-6366-415a-b7f1-a7034b79e775,eaten.singles,available,12.99,,high,low,5,name.com,,,
d9e0a987-5395-40cf-9c01-15fb2a19adca,weedy.singles,available,3.98,36.98,medium,low,5,namecheap,,,09/09/2026 23:44
c43572ab-bdd9-4600-96c4-a64823150277,float.singles,available,12.99,,high,low,5,name.com,,,
aa9bf5ee-01ca-4562-bc20-50d14e48c119,insecure.singles,available,3.98,36.98,high,low,8,namecheap,,,22/08/2026 06:42
f2dc82df-698e-4a47-9de1-a953aeffa4c2,ushers.singles,available,9.49,33.99,medium,low,6,namesilo,,,20/09/2026 19:46
f58d08e2-e39b-4267-b382-d5a5a99d4b1e,lorry.singles,available,12.99,,high,low,5,name.com,,,
d1b72ae2-7d6b-4c00-b9a7-920a839da7e8,balkans.singles,available,9.49,33.99,medium,low,7,namesilo,,,21/09/2026 22:15
6e95d370-6228-4d5e-ba05-d067e380edf1,atonal.singles,available,3.98,36.98,medium,low,6,namecheap,,,07/08/2026 13:46
350cb1f3-8863-4b64-8416-ddac159f643a,molybdenum.singles,available,9.49,33.99,medium,low,10,namesilo,,,20/09/2026 23:05
355d05bd-286f-4d69-8913-fe06cd07cb73,allocate.singles,available,12.99,,high,low,8,name.com,,,
615aff84-d06f-4546-81e5-58147f7367f7,eidetic.singles,available,3.98,36.98,medium,low,7,namecheap,,,15/08/2026 19:54
c1c53a83-9d07-4f36-82ed-4059158201b1,tubby.singles,available,3.98,36.98,medium,low,5,namecheap,,,08/09/2026 22:29
f2d304f7-c8d0-4a3f-baea-79db6a36ab70,jeep.singles,available,,,high,medium,4,,,,
95f335c7-c0e0-41cc-8f3c-298f6ee3bb65,koestler.singles,available,9.49,33.99,medium,low,8,namesilo,,,20/09/2026 10:57
8d25b2ef-6ae2-4909-be19-da0963baae89,defense.singles,available,12.99,,high,low,7,name.com,,,
07d40c0f-3d92-41ad-8801-dd4c032fedeb,infant.singles,available,12.99,,high,low,6,name.com,,,
e0d63757-7476-42c9-b647-189dcb581887,joints.singles,available,9.49,33.99,medium,low,6,namesilo,,,20/09/2026 03:38
dfe48ced-09a0-477c-af6a-757b79092b7f,coerce.singles,available,3.98,36.98,medium,low,6,namecheap,,,20/08/2026 22:25
b48c5118-2356-46e8-87aa-5ecbd37113ce,corrosion.singles,available,3.98,36.98,high,low,9,namecheap,,,24/09/2026 18:21
df4d0eea-aa5e-45cc-ad8c-52481e48bc13,oswald.singles,available,9.49,33.99,high,low,6,namesilo,,,25/09/2026 08:53
2940bd23-3591-47cf-b200-feed20119fb3,surfer.singles,available,12.99,,high,low,6,name.com,,,
1ace1e38-967b-43ca-9a25-5c2c597cfbcc,knockdown.singles,available,3.98,36.98,medium,low,9,namecheap,,,22/08/2026 16:34
bf15227f-2336-4d04-af30-36259c80ee80,woolf.singles,available,9.49,33.99,medium,low,5,namesilo,,,17/09/2026 07:19
aa515ce7-5ce3-4ee5-8563-05caf3816fc7,nodular.singles,available,3.98,36.98,medium,low,7,namecheap,,,03/09/2026 18:06
caabceee-db89-4ef7-9840-fb33c5e46aae,moosewood.singles,available,9.49,33.99,medium,low,9,namesilo,,,16/09/2026 23:36
a43f69bd-e60c-4634-ade9-2e57de196443,ambiguous.singles,available,3.98,36.98,high,low,9,namecheap,,,
e9a35def-304c-4daf-b2a2-c11202fa30cc,upraised.singles,available,3.98,36.98,medium,low,8,namecheap,,,23/08/2026 01:53
8f4412b9-8a41-4328-963a-a8adcf851cfd,spectra.singles,available,3.98,36.98,high,low,7,namecheap,,,18/09/2026 20:18
22fd0622-93f4-48cd-a999-fac561a294af,possessed.singles,available,9.49,33.99,medium,low,9,namesilo,,,28/09/2026 03:28
7e00000b-f2ad-4beb-838c-28413fe35a79,cypriote.singles,available,12.99,43.99,medium,low,8,name.com,,,13/08/2026 14:05
c00d0da4-c4e4-40fe-997d-ddd8a1b3724a,legend.singles,available,12.99,,high,low,6,name.com,,,
83a55fcc-fa52-4fe4-8512-86427d5cd0e8,smatter.singles,available,9.49,33.99,medium,low,7,namesilo,,,24/09/2026 04:48
4bcd59a2-2282-4238-b53d-4ab1581dabbe,william.singles,available,9.49,33.99,high,low,7,namesilo,,,17/09/2026 13:23
126053f3-9766-48aa-bcf5-f5b449b9449c,buttony.singles,available,3.98,36.98,medium,low,7,namecheap,,,09/08/2026 03:34
a8e4759b-cf75-4cf4-a928-b1b237b90c41,pratt.singles,available,9.49,33.99,high,low,5,namesilo,,,25/09/2026 12:12
cb685d05-52f9-4603-b6ed-45c3ee0931e4,tarnish.singles,available,3.98,36.98,medium,low,7,namecheap,,,24/08/2026 12:50
25d61643-867a-4c9a-b7e9-30cfeaa7adef,smoothed.singles,available,3.98,36.98,medium,low,8,namecheap,,,10/09/2026 12:07
2b3939af-d6a1-46f4-bd79-e06622cbd628,targets.singles,available,9.49,33.99,medium,low,7,namesilo,,,18/09/2026 15:18
33e12573-6943-42e1-a52e-e6aabb5f9259,bad.singles,resell,,,high,medium,3,"GoDaddy.com, LLC",23/12/2025 17:23,23/12/2026 17:23,26/09/2026 04:13
31bcddc3-cf6c-4da1-8796-f387916fc47d,permed.singles,available,3.98,36.98,medium,low,6,namecheap,,,08/09/2026 17:46
0b50593a-9d5c-4fa2-90a8-3867027fac88,aged.singles,available,3.98,36.98,high,low,4,namecheap,,,21/09/2026 22:26
4c212fc4-99f0-4914-bee4-f7a52765ecdf,eastwards.singles,available,3.98,36.98,medium,low,9,namecheap,,,14/08/2026 23:00
09f3a90a-ba3f-49ad-9147-943c23e173e9,agree.singles,available,12.99,,high,low,5,name.com,,,
b7fddb66-eed7-49d2-8901-1a3136ba53e3,bennett.singles,available,9.49,33.99,high,low,7,namesilo,,,23/09/2026 08:31
91e479af-c2de-4421-9f52-1264d964fa6c,traveler.singles,available,12.99,,high,low,8,name.com,,,
c9277aa1-dae2-4fab-8efb-a7fa5bb39670,permutation.singles,available,12.99,,high,low,11,name.com,,,
0ce11c31-adf0-4dcd-82b0-933e312bc5fc,blindfold.singles,available,3.98,36.98,high,low,9,namecheap,,,10/08/2026 14:26
727eb132-c37e-4275-849e-debb6a3b028a,ambystoma.singles,available,9.49,33.99,medium,low,9,namesilo,,,18/09/2026 17:36
ecd4afd6-8132-4414-9909-0b127db52cf8,lacrimal.singles,available,3.98,36.98,medium,low,8,namecheap,,,22/08/2026 17:57
0c41e902-52ae-415e-986f-a02808990d75,buttercups.singles,available,12.99,43.99,medium,low,10,name.com,,,20/09/2026 19:49
cc2708b1-5ac5-4cc1-8755-3925690d167c,polygonal.singles,available,3.98,36.98,medium,low,9,namecheap,,,08/09/2026 23:20
cac19ab8-8d33-4547-b99d-7e9ada2af613,evaluate.singles,available,12.99,,high,low,8,name.com,,,
495824f8-6876-4eef-81fb-4e81246597a7,connection.singles,available,3.31,27.11,high,low,10,spaceship,,,28/09/2026 04:24
f5702b39-19b9-46fe-8c0b-3e1fb3380224,bankbook.singles,available,9.49,33.99,medium,low,8,namesilo,,,22/09/2026 02:44
b768d307-2ec0-43fd-8a40-cd5dd562bd3f,parody.singles,available,9.49,33.99,high,low,6,namesilo,,,23/09/2026 11:34
cb8b3b4a-e5fc-4444-b1f7-712dd2039e21,paused.singles,available,9.49,33.99,medium,low,6,namesilo,,,18/09/2026 02:16
808fb48d-3feb-4240-b6ee-fa331dcc7985,indorse.singles,available,3.98,36.98,medium,low,7,namecheap,,,08/08/2026 05:17
63512054-9179-4b3c-b1ff-9c327648b487,axenic.singles,available,3.98,36.98,medium,low,6,namecheap,,,08/08/2026 01:51
c02e7451-db87-4d9b-a971-f3d6c35df88e,tks.singles,available,12.99,,high,low,3,name.com,,,
5e4926e1-8868-4369-9ee6-923eaa3ab626,tenting.singles,available,9.49,33.99,high,low,7,namesilo,,,23/09/2026 23:16
1a316865-7cff-4530-b287-e56f7adaf166,nude.singles,resell,,,high,low,4,"GoDaddy.com, LLC",06/05/2026 17:04,06/05/2027 17:04,26/09/2026 07:50
463ad432-7299-4a57-9b8c-a1fdafbde85a,seems.singles,available,3.98,36.98,medium,low,5,namecheap,,,18/09/2026 01:08
576f1470-0fa3-4e91-8e2e-54f3c797c239,door.singles,available,9.49,33.99,high,low,4,namesilo,,,19/09/2026 10:21
028e0afd-22aa-40c4-ab97-de6b57966179,whisper.singles,available,3.98,36.98,high,low,7,namecheap,,,13/09/2026 11:38
981ea91f-01cf-4dc3-ab85-cdfcfc40d183,asp.singles,available,9.49,33.99,high,low,3,namesilo,,,20/09/2026 14:30
7e7dd1d4-6a40-4671-ae75-09ab0b7324d0,pope.singles,available,12.99,,high,low,4,name.com,,,
36ec3fdb-7558-43b6-843c-b33ee709fa1a,shoebird.singles,available,3.98,36.98,medium,low,8,namecheap,,,21/09/2026 20:37
3e1b570c-1f3d-4c49-8226-4d067e1054dd,abyla.singles,available,9.49,33.99,medium,low,5,namesilo,,,16/09/2026 15:53
73a3c315-d45d-408c-920e-0a2c579d5f82,tactical.singles,available,3.98,36.98,high,low,8,namecheap,,,11/09/2026 07:00
158910e8-bf7f-4cf1-b9d7-ff3c33d46722,obstructed.singles,available,3.98,36.98,medium,low,10,namecheap,,,04/09/2026 00:05
8ea22e36-1c7d-4f18-9787-f8b6fc31475d,ravaged.singles,available,3.98,36.98,medium,low,7,namecheap,,,14/08/2026 04:29
5b2c0814-f673-43d3-9c92-2f0e3ec92a82,ride.singles,available,12.99,,high,low,4,name.com,,,
ec52c2e4-7e99-4899-b529-341cca7e9211,sibylline.singles,available,3.98,36.98,medium,low,9,namecheap,,,11/08/2026 12:20
fec77c75-23ad-49d0-8350-350cb9a3bf19,thrilling.singles,available,3.98,36.98,high,low,9,namecheap,,,16/08/2026 02:41
548b5019-1013-4fda-abef-139b1d698219,annul.singles,available,3.98,36.98,medium,low,5,namecheap,,,13/09/2026 06:39
5c4cbd77-a4e9-4fbe-a709-bdbdfd4b6bbe,jonah.singles,available,3.98,36.98,high,low,5,namecheap,,,24/09/2026 06:55
a442ce26-09bb-481f-be4f-33964351bdd5,envious.singles,available,9.49,33.99,medium,low,7,namesilo,,,24/09/2026 01:02
db3c4ece-de64-4847-b509-ab9d7742e2b0,excitement.singles,available,9.49,33.99,high,low,10,namesilo,,,25/09/2026 05:50
56e474d5-8585-4b9f-b610-d2a2c8b25391,merchandise.singles,available,3.31,27.11,high,low,11,spaceship,,,28/09/2026 03:28
7413944f-b10d-4f6b-9cb0-ff0a86cd4005,sean.singles,available,9.49,33.99,high,low,4,namesilo,,,25/09/2026 11:36
6db0e73c-1295-41d1-8822-e247292f71bd,net.singles,premium,854,854,high,medium,3,namesilo,,,25/09/2026 22:57
be0ca5fa-83f0-49d0-b072-6b15e9cd7d0b,ssi.singles,available,12.99,,high,low,3,name.com,,,
68e49a47-0d5f-487d-b7dd-0360ba685c34,postdoc.singles,available,3.98,36.98,high,low,7,namecheap,,,09/09/2026 00:19
14e84b22-4ebe-4efe-ab12-a347209d644e,burbling.singles,available,3.98,36.98,medium,low,8,namecheap,,,11/08/2026 10:10
376d9cd4-8f14-47db-8126-36b1c773765e,rupicolous.singles,available,3.98,36.98,medium,low,10,namecheap,,,09/09/2026 19:41
cd4d4796-3e9f-4e11-a804-ba3571299c2a,adamant.singles,available,3.98,36.98,high,low,7,namecheap,,,
84a0e281-dfd9-4967-afd7-76d60442dda7,selfmade.singles,available,3.98,36.98,high,low,9,namecheap,,,10/09/2026 02:03
3ad9593d-4abd-4a4d-ab57-51b70229af58,hegelian.singles,available,3.98,36.98,medium,low,8,namecheap,,,21/08/2026 06:14
771f5f1e-dd02-4498-8af3-e69b2b01cfb7,murmuring.singles,available,3.98,36.98,high,low,9,namecheap,,,03/09/2026 11:06
606cd3a8-c7cb-4849-ae94-3497df5289b8,unruly.singles,available,3.98,36.98,high,low,6,namecheap,,,10/08/2026 17:42
0ad4836f-86bc-4275-ade9-b128644f386e,americans.singles,available,3.98,36.98,medium,low,9,namecheap,,,08/09/2026 06:41
86d2b305-20ec-4c7e-89a6-1dbb72f9b569,flurry.singles,available,9.49,33.99,medium,low,6,namesilo,,,17/09/2026 09:17
1af94ebb-627c-4246-9b99-2fb85feb6922,falsetto.singles,available,3.98,36.98,high,low,8,namecheap,,,17/08/2026 21:33
be612b39-2dbe-456f-ab19-76fc8e3e68da,undulate.singles,available,3.98,36.98,medium,low,8,namecheap,,,12/09/2026 08:33
d0efba42-f7c6-4779-9cfd-250b9a003f60,grisly.singles,available,3.98,36.98,medium,low,6,namecheap,,,18/08/2026 23:15
fd9b6899-c592-44e7-b232-0ff2dbae2f86,kurakkan.singles,available,9.49,33.99,medium,low,8,namesilo,,,17/09/2026 15:21
cf4cfe13-55ca-44f0-9466-b422e6061723,squab.singles,available,3.98,36.98,medium,low,5,namecheap,,,10/09/2026 17:08
01400c6c-4ed6-4762-bd29-717921449bed,breeze.singles,available,26.2,26.2,high,low,6,cloudflare,,,28/09/2026 09:12
cfe2e7c4-5555-45ba-9350-db35cc529722,tolerate.singles,available,9.49,33.99,high,low,8,namesilo,,,24/09/2026 10:45
28d4d852-3b0a-4cd9-9d75-2e479af959f8,enjoyed.singles,available,9.49,33.99,medium,low,7,namesilo,,,25/09/2026 20:42
a962c8e8-1d40-4180-a971-7b14d13ed185,concerted.singles,available,3.98,36.98,high,low,9,namecheap,,,12/08/2026 20:06
87ddded5-1fce-4bd6-95e7-cd91fa9931ee,cissy.singles,available,3.98,36.98,medium,low,5,namecheap,,,12/08/2026 08:40
57585802-9362-4d43-89fa-9b8c24a1db58,discount.singles,available,12.99,,high,low,8,name.com,,,
9f4eef9c-4c1a-4e41-bf38-8fe4e1378273,washup.singles,available,9.49,33.99,medium,low,6,namesilo,,,24/09/2026 22:42
641fd775-540e-48df-9dcc-6d3c03aaab39,alienism.singles,available,9.49,33.99,medium,low,8,namesilo,,,18/09/2026 07:34
c586527f-c7dc-450e-a35b-ee49d0cb9b2b,brazenly.singles,available,3.98,36.98,medium,low,8,namecheap,,,14/09/2026 01:24
61fab5bd-fc98-41ae-9350-9dff391982e6,briefly.singles,available,12.99,,high,low,7,name.com,,,
19974bba-8941-4b43-a06a-c13fd77fdcd5,roam.singles,available,3.98,36.98,high,low,4,namecheap,,,10/09/2026 22:08
d92c1b29-68ee-4186-a50f-cf24f02d0458,virginia.singles,premium,128.7,128.7,high,low,8,namecheap,,,25/09/2026 09:38
b3b495cb-7fc6-4af2-8c36-b2f86b8db4f6,forgo.singles,available,3.98,36.98,high,low,5,namecheap,,,18/08/2026 11:51
65dc303a-3000-454b-84e7-8981736239db,michelson.singles,available,9.49,33.99,medium,low,9,namesilo,,,16/09/2026 12:52
cc105dbd-2ca7-4eda-b033-27832e790d60,flagrant.singles,available,3.98,36.98,medium,low,8,namecheap,,,15/08/2026 19:50
5ccabc08-33a1-4e06-8496-4831bc392aa3,disarray.singles,available,3.98,36.98,medium,low,8,namecheap,,,24/09/2026 17:15
a3fa1855-0352-467a-956c-c062280a0ce4,manzoni.singles,available,3.98,36.98,high,low,7,namecheap,,,18/09/2026 05:31
b5ff4843-5c79-4b46-9bd0-8226191e437b,tangled.singles,available,3.98,36.98,medium,low,7,namecheap,,,11/09/2026 07:59
91d1eca6-84a8-4125-81dc-be1156ce11ab,uncool.singles,available,3.98,36.98,medium,low,6,namecheap,,,12/09/2026 06:11
ae5bc9e8-b627-45e1-a8f7-df65967e0319,teeny.singles,available,3.98,36.98,high,low,5,namecheap,,,10/08/2026 08:12
912321ce-bdf2-4f30-abb1-9f743fb51250,venerating.singles,available,3.98,36.98,high,low,10,namecheap,,,09/09/2026 16:09
14fff269-a10c-482d-867a-b5125777466c,islands.singles,available,12.99,,high,low,7,name.com,,,
b8f8706e-5faf-41ee-a855-2f5e678bcd53,trios.singles,available,3.98,36.98,medium,low,5,namecheap,,,19/09/2026 22:38
47951bd9-746b-4e7b-87e3-4e8a47d0bd63,undeniable.singles,available,3.98,36.98,high,low,10,namecheap,,,12/09/2026 07:15
469cf5c0-efaa-4081-b537-27b060c01de1,judaic.singles,available,3.98,36.98,medium,low,6,namecheap,,,22/08/2026 13:17
ac41aaec-5734-4d6b-8cde-5e070204daea,apatite.singles,available,9.49,33.99,medium,low,7,namesilo,,,19/09/2026 16:18
0fefadf6-519b-43cd-b567-22b6575b090b,mauldin.singles,available,9.49,33.99,medium,low,7,namesilo,,,23/09/2026 16:01
c91f07a6-a670-4e90-accc-d090672d2927,detectable.singles,available,3.98,36.98,high,low,10,namecheap,,,14/08/2026 04:42
15f2a41d-d818-4a91-9bd6-54e4b78c6fe3,hackmatack.singles,available,12.99,43.99,medium,low,10,name.com,,,22/09/2026 00:09
1fe2aec1-1846-402b-940f-4dd633a7f7ec,flit.singles,available,3.98,36.98,high,low,4,namecheap,,,18/08/2026 07:46
8d041802-6ec5-41db-893f-4de13476be25,slurred.singles,available,3.98,36.98,medium,low,7,namecheap,,,10/09/2026 11:42
f20ebd16-eea1-43ca-bddb-28d457fc6ea3,antiquark.singles,available,9.49,33.99,medium,low,9,namesilo,,,19/09/2026 15:02
1bdb517f-59a7-402f-8757-6581dca6d124,cheetah.singles,available,9.49,33.99,high,low,7,namesilo,,,17/09/2026 01:33
10be4aa5-ceb6-479b-9fe0-6d8a2c9e3f9b,esophageal.singles,available,3.98,36.98,medium,low,10,namecheap,,,17/08/2026 13:16
4c87ab3e-263e-491b-8c2e-505d6fa5e67e,examine.singles,available,12.99,,high,low,7,name.com,,,
1df0d33e-4f47-499a-a401-336b8a194da1,whimsy.singles,available,9.49,33.99,high,low,6,namesilo,,,20/09/2026 00:42
0d39b561-3a83-4c36-991e-4f811619c9a6,dizzy.singles,available,3.98,36.98,high,low,5,namecheap,,,
9902d2d8-53c6-46c6-97b6-7998a0f4c078,trick.singles,available,3.98,36.98,high,low,5,namecheap,,,22/09/2026 06:28
30839ea6-cad2-4a59-85bc-d0eaa5a4a1ca,banishment.singles,available,9.49,33.99,medium,low,10,namesilo,,,22/09/2026 02:06
f08630d3-d082-4a8f-b795-9c4eab291b5d,trimox.singles,available,9.49,33.99,medium,low,6,namesilo,,,18/09/2026 22:57
c4b9d5c3-3c2b-4fe7-9fb6-f6c4eceeea98,dopey.singles,available,3.98,36.98,medium,low,5,namecheap,,,14/08/2026 16:04
c4147bd8-ac2a-4734-b2e8-b7df68a6cf6d,preferences.singles,available,3.98,36.98,high,low,11,namecheap,,,
f4ec13dd-d8ae-4801-ab3b-6ba08323d7ac,kantian.singles,available,3.98,36.98,medium,low,7,namecheap,,,22/08/2026 15:06
e1fcad2e-0ccc-4715-87f6-9dd8ba1638bf,mcguire.singles,available,9.49,33.99,high,low,7,namesilo,,,27/09/2026 08:49
11f41879-6190-40b4-a5fa-3bceacdb92e5,prattle.singles,available,9.49,33.99,medium,low,7,namesilo,,,23/09/2026 23:32
a1e25161-a1e8-47e6-9ad7-2f5084ce2e51,hat.singles,available,9.49,33.99,high,low,3,namesilo,,,19/09/2026 16:21
11a800ae-985c-435e-a3cb-2c38bf57e126,digitizer.singles,available,9.49,33.99,high,low,9,namesilo,,,19/09/2026 01:49
e7b452df-19a6-4469-a35a-5ab7763eb112,corrected.singles,available,9.49,33.99,high,low,9,namesilo,,,23/09/2026 23:45
8bb1e5e6-1ef5-4111-bd36-631d5ea42bf1,noticeable.singles,available,3.98,36.98,high,low,10,namecheap,,,24/09/2026 07:23
f2c8c24a-7fe6-40fa-bc5a-ffda2e56e95b,nevus.singles,available,3.98,36.98,medium,low,5,namecheap,,,23/09/2026 21:15
d97ea394-3a81-4ad1-94cd-af3aa405d3ad,platter.singles,available,12.99,,high,low,7,name.com,,,
df5f445f-861a-4821-a5c8-db7ea9fdb161,subscriber.singles,available,3.98,36.98,high,low,10,namecheap,,,24/09/2026 17:47
e4aa7128-a9c4-4d5f-98c7-3fd351452c82,antigone.singles,available,9.49,33.99,medium,low,8,namesilo,,,19/09/2026 14:26
f21447c6-b4c6-4d48-85c6-f2ff788a6e04,cuddly.singles,available,3.98,36.98,high,low,6,namecheap,,,13/08/2026 10:11
4a06c336-7ba5-4af7-a60d-2701a35391a7,abnegation.singles,available,9.49,33.99,medium,low,10,namesilo,,,16/09/2026 16:16
f336d050-ee46-445c-b6ae-7e1ba9086a57,catenate.singles,available,3.98,36.98,high,low,8,namecheap,,,11/08/2026 21:39
02087429-219d-440d-bb8b-9eb242d52417,fickle.singles,available,3.98,36.98,medium,low,6,namecheap,,,17/08/2026 12:48
7084c456-50e7-44c3-8775-af1b034fcaa9,slippy.singles,available,3.98,36.98,medium,low,6,namecheap,,,10/09/2026 11:03
fde0b33e-b0e7-409d-bbed-023aa21fbdc7,zdv.singles,available,9.49,33.99,medium,low,3,namesilo,,,21/09/2026 11:32
7b2cdbb9-92f3-44c8-affb-9d165f6178a1,fasting.singles,available,3.98,36.98,high,low,7,namecheap,,,17/08/2026 23:03
91d685b4-21c6-4a52-8c10-7366f205aba2,started.singles,available,9.49,33.99,medium,low,7,namesilo,,,18/09/2026 11:27
9c01029a-ac12-4fbb-8e34-dfea587a4d9f,cons.singles,available,12.99,,high,low,4,name.com,,,
965c3645-9e38-478f-87d9-cd4811539c1f,brooke.singles,available,9.49,33.99,high,low,6,namesilo,,,25/09/2026 02:29
ae10ba4f-2ed5-446e-ba13-c3df113385e7,balsa.singles,available,9.49,33.99,high,low,5,namesilo,,,21/09/2026 23:56
5495b843-981a-437e-b7c4-686538ecd10c,ears.singles,available,9.49,33.99,medium,low,4,namesilo,,,25/09/2026 16:57
7637327a-7d82-4a4c-83e4-5c683cd7c392,acentric.singles,available,3.98,36.98,medium,low,8,namecheap,,,
95bfa81b-dc4f-45b6-8c96-fc3dbfa71e0a,zimmerman.singles,available,3.31,27.11,high,low,9,spaceship,,,27/09/2026 20:41
86f914c1-db25-48b3-8685-9192079de9f6,decorous.singles,available,3.98,36.98,medium,low,8,namecheap,,,09/08/2026 06:21
3e683267-ccb8-4a55-8c05-98dda0fe0b59,centrally.singles,available,3.98,36.98,medium,low,9,namecheap,,,14/09/2026 06:13
b6468257-5e09-4747-abdf-1c3a723bf3c2,truncheon.singles,available,9.49,33.99,medium,low,9,namesilo,,,23/09/2026 16:38
5529c88c-316b-4a20-a016-c4c6314d380c,irritate.singles,available,12.99,,medium,low,8,name.com,,,
7108f844-e6cb-455c-8c22-77a033408f3a,hourlong.singles,available,3.98,36.98,medium,low,8,namecheap,,,21/08/2026 14:22
7b00c1c8-d9fb-42af-bcd9-f918a363db21,churchman.singles,available,3.98,36.98,medium,low,9,namecheap,,,14/08/2026 23:29
26f41c5d-fa39-43f5-9209-695bf6627c9c,unwise.singles,available,3.98,36.98,medium,low,6,namecheap,,,12/09/2026 22:42
0cda9b0a-5ae8-4f3a-865f-7a4d9b9d64a0,perfectly.singles,available,12.99,,high,low,9,name.com,,,
32cb1ba6-d316-4f60-b55b-94c686adef0e,netherlands.singles,available,,,high,high,11,,,,
524ba673-2f57-412e-9bf4-ef28e5d350bb,bop.singles,available,3.98,36.98,high,low,3,namecheap,,,22/09/2026 10:28
55b6ca5d-3e75-47dd-9ffc-385ff11a256d,wrenching.singles,available,3.98,36.98,medium,low,9,namecheap,,,09/09/2026 09:27
56b52c73-8cec-4297-8fbf-5b867266d36c,recovered.singles,available,3.98,36.98,high,low,9,namecheap,,,13/08/2026 11:06
9ffd4aad-95dd-4117-a328-880e63979c99,dismount.singles,available,3.98,36.98,high,low,8,namecheap,,,24/09/2026 22:48
6ff3ecf6-d1d8-470c-9bf7-2d3febcda106,strict.singles,available,3.98,36.98,medium,low,6,namecheap,,,21/08/2026 00:17
5fab3824-cacf-4c15-bd55-b2f79d35109f,petroleum.singles,available,3.98,36.98,high,low,9,namecheap,,,13/08/2026 08:55
ac3cdbc0-c73b-4879-aead-98172c50cd59,punkie.singles,available,9.49,33.99,medium,low,6,namesilo,,,23/09/2026 22:31
c12d05b6-b93b-4959-bcdd-0d42a1de479f,winston.singles,available,9.49,33.99,high,low,7,namesilo,,,25/09/2026 14:24
638ed7d5-dc97-485c-a2ed-6a3eb808fc4e,maritime.singles,available,3.98,36.98,high,low,8,namecheap,,,24/08/2026 16:00
ecb4cb66-5534-4eec-90e4-1e7d0fe5f53b,sagacious.singles,available,3.98,36.98,high,low,9,namecheap,,,08/09/2026 18:02
43304831-9f74-410e-b2ee-15a6de9b07ef,pregnancy.singles,available,26.2,26.2,high,low,9,cloudflare,,,28/09/2026 02:22
7b4fc0db-87f2-4fd0-a5ba-511ee74bf6bf,strikes.singles,available,9.49,33.99,medium,low,7,namesilo,,,27/09/2026 09:13
ac2295cf-af73-41d8-be40-2af14b493b50,operatic.singles,available,3.98,36.98,medium,low,8,namecheap,,,04/09/2026 16:24
14d6f885-e944-47d9-97d8-7ba77d4eea98,whales.singles,available,7.17,28.04,medium,low,6,dynadot,,,28/09/2026 08:48
b5896ad4-24be-4f8b-a642-43be5e8bdcec,multiphase.singles,available,3.98,36.98,medium,low,10,namecheap,,,03/09/2026 10:50
85162553-c0e3-44f2-bcd8-f50e12c9a0a4,neo.singles,resell,,,high,medium,3,Porkbun LLC,28/02/2026 13:45,28/02/2027 13:45,26/09/2026 07:44
bd23d397-7d37-49bf-bcea-f23992aadb00,unspent.singles,available,3.98,36.98,medium,low,7,namecheap,,,12/09/2026 09:36
83f746f2-339c-4085-8741-1b27637b7411,taxpaying.singles,available,3.98,36.98,medium,low,9,namecheap,,,11/09/2026 09:32
160c2a20-4c6c-4095-ae5e-1084541aa9c3,amylum.singles,available,9.49,33.99,medium,low,6,namesilo,,,19/09/2026 00:32
48571b4c-1270-41ec-910e-5c0a52b45a3b,unmarked.singles,available,3.98,36.98,medium,low,8,namecheap,,,04/09/2026 21:06
415c6f8c-7249-49bc-8ff2-9fb7073316f7,organized.singles,available,9.49,33.99,high,low,9,namesilo,,,26/09/2026 00:25
3d3ce607-92b4-48d3-8824-e47747d19be7,punk.singles,premium,78.54,78.54,high,low,4,namesilo,,,23/09/2026 11:14
e42d2540-65fd-4d3a-a4a3-90527c9798d3,tangle.singles,resell,12.99,,high,low,6,"GoDaddy.com, LLC",11/06/2026 22:37,11/06/2027 22:37,26/09/2026 09:30
72e8544c-00fc-4f77-b03d-a0b4e9f0e197,chimney.singles,available,12.99,,high,low,7,name.com,,,
a4fe0f4b-be30-4f08-b5da-71eaaab1e1ce,become.singles,available,12.99,,high,low,6,name.com,,,
2aea706d-d238-4954-b615-02dc2f1d4fc3,tipple.singles,available,9.49,33.99,medium,low,6,namesilo,,,23/09/2026 12:44
0d13efb7-13cc-44eb-b291-7456b69058e3,ane.singles,available,,,high,low,3,,,,
ef44c0f9-475f-4b11-a558-383014350f73,bro.singles,available,12.99,,high,low,3,name.com,,,
0d4964ab-b8e4-440d-b2c8-60d9ef2f1a29,hype.singles,available,12.99,,high,medium,4,name.com,,,
d831de43-c877-469b-8485-ad1a47fca5fc,elders.singles,available,9.49,33.99,medium,low,6,namesilo,,,28/09/2026 08:45
cd52d704-ca34-49e9-bf26-5e075d74939d,phase.singles,available,12.99,,high,low,5,name.com,,,
7e9fe229-8f40-4bd0-84ee-6e4b6cafe826,enlarge.singles,available,3.98,36.98,high,low,7,namecheap,,,15/08/2026 23:49
c55c7877-b23c-44cd-80e3-d17de831bb79,profundity.singles,available,3.98,36.98,medium,low,10,namecheap,,,16/09/2026 18:38
66fb56d4-a317-4c78-8634-44257e230cba,duly.singles,available,3.98,36.98,medium,low,4,namecheap,,,14/09/2026 14:47
32bc5fc8-4fd8-44cc-9a30-9c60083de15c,alterable.singles,available,9.49,33.99,medium,low,9,namesilo,,,22/09/2026 02:18
f51a400c-266a-476a-8dfa-88ff36a52b98,nonzero.singles,available,3.98,36.98,high,low,8,namecheap,,,03/09/2026 18:39
197581f1-f0c8-44e8-b9e6-b39f6464bff3,thompson.singles,available,9.49,33.99,high,low,8,namesilo,,,23/09/2026 08:26
cfe8fc2c-c8f3-4168-8531-7aadcbf6bfe9,foam.singles,available,3.31,27.11,high,low,4,spaceship,,,28/09/2026 05:46
32743cc8-8b2b-4233-a0cf-ed57d4126cfb,mostly.singles,available,12.99,,high,low,6,name.com,,,
e3bd9566-e090-4d38-8f18-711abdb11b9d,banner.singles,available,3.98,36.98,high,low,6,namecheap,,,08/08/2026 13:53
eee4d900-6a91-496a-aaf3-831bd2efe431,delhi.singles,premium,85.8,85.8,high,low,5,namecheap,,,24/09/2026 21:36
090474d9-a2a8-4bcd-a67f-3d5f03ffff97,affluence.singles,available,12.99,,high,low,9,name.com,,,
44d4064f-a996-4025-bd46-a2ad33a78e1a,buddhist.singles,premium,78.54,78.54,high,low,8,namesilo,,,11/08/2026 07:39
4fb3a02c-217d-4573-a275-f79579df622a,bookish.singles,available,3.98,36.98,high,low,7,namecheap,,,10/08/2026 19:09
11eb7c62-52d6-478c-a5bb-eb1af3a3869c,hardened.singles,available,3.98,36.98,high,low,8,namecheap,,,11/08/2026 20:01
dd2ef39d-cda8-4c1d-9617-a5548937c7af,awn.singles,available,9.49,33.99,high,low,3,namesilo,,,21/09/2026 10:11
1eae88a6-6d31-46cb-8474-1264ac82da99,psychotic.singles,available,3.98,36.98,high,low,9,namecheap,,,09/09/2026 05:09
70a08bfe-2ad2-4bc2-943b-2e98be0930e2,unassigned.singles,available,3.98,36.98,medium,low,10,namecheap,,,12/09/2026 01:12
e3acc150-8c37-4926-a509-cbfbb553dc43,unidentified.singles,available,9.49,33.99,medium,low,12,namesilo,,,28/09/2026 08:18
8b8f424a-ea2b-4b78-975e-11a5664a7d2e,maria.singles,available,9.49,33.99,high,low,5,namesilo,,,24/09/2026 11:49
04a9aa76-749e-4a0b-979a-52133f4925ec,lithium.singles,available,3.98,36.98,high,low,7,namecheap,,,23/08/2026 00:43
ae72831f-5441-4229-9a1c-ce25d09fea79,muscle.singles,available,9.49,33.99,high,low,6,namesilo,,,24/09/2026 08:22
dc647a69-ea4f-4a23-9d9d-c622bd4ae0e2,dished.singles,available,3.98,36.98,medium,low,6,namecheap,,,14/08/2026 10:52
b5031dcf-8c31-4254-9887-2919a2e6a8d3,holler.singles,available,9.49,33.99,high,low,6,namesilo,,,23/09/2026 00:27
dd554b37-f43e-46a1-8d69-6b038151d099,buggy.singles,available,3.98,36.98,high,low,5,namecheap,,,22/09/2026 08:13
14a39467-9794-4857-b3fc-2b002aad1b3c,decorated.singles,available,9.49,33.99,high,low,9,namesilo,,,21/09/2026 19:45
fec224e7-3258-4e53-a457-92f692e6d179,astoria.singles,available,9,,high,low,7,unstoppable,,,28/09/2026 04:20
44711a57-c015-44d6-bc5e-0cdf2641fb4a,favorably.singles,available,3.98,36.98,high,low,9,namecheap,,,14/09/2026 18:00
98b1bf08-3dd9-44d7-89a4-9c1d33577249,enlivening.singles,available,3.98,36.98,medium,low,10,namecheap,,,
24642e57-8655-4b1d-9d0b-5141443c5f3b,dialectal.singles,available,3.98,36.98,medium,low,9,namecheap,,,14/08/2026 05:48
c0465edd-9e49-4d53-865b-6ca5e0ecd0bc,spate.singles,available,3.98,36.98,medium,low,5,namecheap,,,25/08/2026 00:44
e5e9267e-d85b-40f7-8a10-e0817c9b211a,gunshot.singles,available,7.21,27.29,medium,low,7,porkbun,,,28/09/2026 05:55
112f1ff7-dc75-41c3-8784-4ed7b19821f7,proved.singles,available,9.49,33.99,high,low,6,namesilo,,,27/09/2026 07:48
e4dd63da-6f06-4c37-bc5a-46a2a2125c46,nosy.singles,available,3.98,36.98,medium,low,4,namecheap,,,03/09/2026 21:48
7f66b1cd-b3bc-4404-9701-6ce6eeaea419,requirements.singles,available,9.49,33.99,medium,low,12,namesilo,,,17/09/2026 10:26
542216f0-8bb8-4e01-a604-1ce9838a616b,thorough.singles,available,3.98,36.98,high,low,8,namecheap,,,17/08/2026 17:10
3ab301a3-15ee-470c-91cd-f6472ca67b08,ghetto.singles,available,9.49,33.99,high,low,6,namesilo,,,27/09/2026 13:47
7615e60a-ab4d-49bf-9f34-938dfa676eb4,anthracite.singles,available,9.49,33.99,medium,low,10,namesilo,,,19/09/2026 13:48
44f91780-2c5a-4401-b2bc-0e67647b9c12,positions.singles,available,9.49,33.99,medium,low,9,namesilo,,,19/09/2026 00:35
a5725806-364c-4d23-8bc7-f2d81f57bb6d,sibilant.singles,available,3.98,36.98,medium,low,8,namecheap,,,12/08/2026 23:18
53cd93fd-c13b-491c-adcb-8323bc1963df,comments.singles,available,9.49,33.99,medium,low,8,namesilo,,,17/09/2026 01:39
5818c0df-f7dd-4053-a6a5-5756c9cf8ea7,automat.singles,available,9.49,33.99,high,low,7,namesilo,,,21/09/2026 06:52
3b4201cd-6e56-4518-943c-296cd707c9e9,waken.singles,available,3.98,36.98,high,low,5,namecheap,,,08/08/2026 00:08
0f926868-c146-40a1-901f-ce89f7bb58c6,niebuhr.singles,available,3.98,36.98,medium,low,7,namecheap,,,22/09/2026 09:08
f4b9e623-a9f2-44a9-9e72-9265899434d5,existent.singles,available,3.98,36.98,high,low,8,namecheap,,,
62fa7001-98e4-40a7-9234-7d04d5f355f7,hunger.singles,available,12.99,,high,low,6,name.com,,,
eab80ac8-d8d5-4341-b492-36e182a604d1,berkshire.singles,available,9.49,33.99,high,low,9,namesilo,,,23/09/2026 09:33
17967e23-2730-4947-b665-79167f68f92b,illegally.singles,available,3.98,36.98,medium,low,9,namecheap,,,15/09/2026 01:44
235fc8db-ed62-459f-8344-9e52ece10d45,betrayer.singles,available,9.49,33.99,medium,low,8,namesilo,,,23/09/2026 11:31
5f021927-7d7b-46e7-96c0-f8ceedcca0f8,appears.singles,available,3.98,36.98,medium,low,7,namecheap,,,25/09/2026 20:18
f57b2413-081b-4b1f-8121-92f670cae833,organs.singles,available,12.99,,high,low,6,name.com,,,
25b3ff4a-8b9e-450d-ac06-503b15747391,mournful.singles,available,3.98,36.98,medium,low,8,namecheap,,,14/08/2026 15:16
5408687e-c61e-4a6c-ab6c-ab9b63e34871,aeolia.singles,available,9.49,33.99,low,low,6,namesilo,,,17/09/2026 12:34
eb422a13-d9b4-4955-907f-edb1c5196433,hats.singles,available,9.49,33.99,high,low,4,namesilo,,,18/09/2026 07:32
be2d3976-d1c7-414c-8ea5-df8a47d172d3,ecosystem.singles,available,26.2,26.2,high,low,9,cloudflare,,,28/09/2026 02:43
d5c838b5-3d9a-4a5f-9726-275685af75f4,riskily.singles,available,3.98,36.98,medium,low,7,namecheap,,,15/09/2026 23:50
d4421a89-ccf6-46f0-af5b-26c60a975433,performing.singles,available,3.98,36.98,high,low,10,namecheap,,,
cc6f0a87-a137-4f0b-993f-a0daa15d33ad,egoistic.singles,available,3.98,36.98,medium,low,8,namecheap,,,15/08/2026 18:54
887d0539-def8-49b6-ac15-59f9ce4aa07c,bioko.singles,available,3.98,36.98,medium,low,5,namecheap,,,23/09/2026 18:17
11022001-9a80-469c-9460-9b7f69ebd593,seated.singles,available,3.31,27.11,high,low,6,spaceship,,,27/09/2026 19:11
f10e692e-baec-44a0-8d07-47306f9a4c1b,poisoned.singles,available,3.31,27.11,medium,low,8,spaceship,,,27/09/2026 17:38
3710ad15-6173-4b29-9652-0df89621d660,arena.singles,available,12.99,,high,medium,5,name.com,,,
46c76840-b7f3-4559-b970-5baaa0bef4b5,designer.singles,available,9.49,33.99,high,low,8,namesilo,,,20/09/2026 02:12
01cc41ba-7925-4a44-b39c-f0ae578fe40e,mollify.singles,available,3.98,36.98,high,low,7,namecheap,,,18/08/2026 22:10
7388b97d-89d3-4b89-a402-e363e21679b7,tenfold.singles,available,3.98,36.98,high,low,7,namecheap,,,14/08/2026 01:44
f0863f34-8841-4294-b37a-6f482bf0c2c8,allylic.singles,available,3.98,36.98,high,low,7,namecheap,,,
53d4aae1-713b-42b1-8c9b-b0f5fd929a55,woodbine.singles,available,3.98,36.98,medium,low,8,namecheap,,,18/09/2026 20:11
947d6070-aa2c-4a6a-b14e-1007d32ad5cd,adamantine.singles,available,3.98,36.98,medium,low,10,namecheap,,,
27654be2-c8e8-4d39-8e11-de45bbe7e54e,augmentin.singles,available,9.49,33.99,medium,low,9,namesilo,,,18/09/2026 22:59
d8beb78b-5b4f-4299-a89b-987b431119cb,inmost.singles,available,3.98,36.98,medium,low,6,namecheap,,,22/08/2026 05:51
b9ae73f3-e002-4dc6-86b5-b7cdeb3a4f57,abdul.singles,available,9.49,33.99,high,low,5,namesilo,,,27/09/2026 07:21
368f1152-01c7-40e2-8620-2e3ed22c24bf,attire.singles,available,9.49,33.99,high,low,6,namesilo,,,21/09/2026 01:52
7ef96ab3-0486-4f20-b350-a5c18f0fe8f9,things.singles,available,9.49,33.99,high,low,6,namesilo,,,28/09/2026 05:47
dbecf70d-6d0d-4311-8679-fa7e7a6bad0a,leftist.singles,available,3.98,36.98,medium,low,7,namecheap,,,12/08/2026 17:05
73a96d26-e8c9-472a-9086-61f568eaf497,unlit.singles,available,3.98,36.98,medium,low,5,namecheap,,,12/09/2026 13:03
850c5fdf-c43f-4117-bf69-fd1e4511373f,gentile.singles,available,3.98,36.98,high,low,7,namecheap,,,18/08/2026 21:53
92ef6c35-ab17-4222-a4d5-c2b0841350a7,vocally.singles,available,3.98,36.98,medium,low,7,namecheap,,,16/09/2026 11:07
9ece390d-8dac-4e1a-a1ab-ab492320617c,quixotic.singles,available,3.98,36.98,high,low,8,namecheap,,,09/09/2026 09:04
e65682eb-89c5-4f5e-9a19-12bd10237199,grazed.singles,available,3.98,36.98,medium,low,6,namecheap,,,20/08/2026 19:29
bfd7ff81-c0d0-49fe-ab57-8fea9d1ca668,seductive.singles,available,3.98,36.98,high,low,9,namecheap,,,10/09/2026 01:39
6ad25b3d-96c4-4810-84a4-ec577f630ca1,bluish.singles,available,9.49,33.99,high,low,6,namesilo,,,22/09/2026 22:47
93ecce8d-26f4-4220-af49-f7a35c132b63,cost.singles,available,12.99,,high,low,4,name.com,,,
92935052-ecdf-44e6-b361-c257c8c954ea,mancunian.singles,available,3.98,36.98,medium,low,9,namecheap,,,24/08/2026 14:36
acbe5818-a674-4eca-b19c-4a0161c90d44,intestinal.singles,available,3.98,36.98,medium,low,10,namecheap,,,04/09/2026 08:14
6ba18d7b-afa4-4525-83a2-803a6c5d10e8,assuming.singles,available,3.98,36.98,medium,low,8,namecheap,,,07/08/2026 08:16
512948e9-50e5-4259-8541-d491cf1fd220,weatherly.singles,available,3.98,36.98,medium,low,9,namecheap,,,13/09/2026 09:23
43ddd81e-12c2-456c-8ef0-a46d2aefe5c7,important.singles,available,9.49,33.99,high,low,9,namesilo,,,22/09/2026 13:54
0fab693c-d863-4dd7-ab4b-edcb883aa989,entered.singles,available,3.98,36.98,medium,low,7,namecheap,,,18/09/2026 11:17
564710d1-36c4-4f30-a232-cd2100fdf23d,hyoid.singles,available,3.98,36.98,medium,low,5,namecheap,,,21/08/2026 16:35
e47ad130-c8db-4076-9f8c-21eb273e1f9e,shore.singles,available,9.49,33.99,high,low,5,namesilo,,,26/09/2026 00:07
2e94ce49-7420-4a42-9eda-ba637f2df50f,opined.singles,available,9.49,33.99,low,low,6,namesilo,,,28/09/2026 09:10
3623477a-d472-4de4-8c5c-202cea6d5aeb,temper.singles,available,9.49,33.99,high,low,6,namesilo,,,27/09/2026 04:28
53629b27-5a62-4659-bb91-4d59cade498a,sensually.singles,available,3.98,36.98,medium,low,9,namecheap,,,16/09/2026 00:58
8f1e30c4-42f9-48e8-9e05-abd9dd6b01e4,suntan.singles,available,3.98,36.98,high,low,6,namecheap,,,11/09/2026 07:52
4f75c26c-61f6-451e-b8f5-b96b2dd98d44,grew.singles,available,12.99,,high,low,4,name.com,,,
55d7ad74-00c6-4ccc-a6d0-1d37513d17c1,skywards.singles,available,3.98,36.98,medium,low,8,namecheap,,,10/09/2026 09:51
6bd6d74a-80b1-4e9f-9d24-ddf723c116c4,null.singles,available,3.98,36.98,high,medium,4,namecheap,,,03/09/2026 22:27
dda1e297-e9f1-422b-859a-0dd24f63b400,paperback.singles,available,3.98,36.98,high,low,9,namecheap,,,27/09/2026 02:40
ec288e8b-7473-441d-aab6-d11cac1d9f2a,straw.singles,available,3.98,36.98,high,low,5,namecheap,,,10/09/2026 22:03
4b6e272f-24d0-4ceb-9e1d-a7590345ba14,betel.singles,available,9.49,33.99,medium,low,5,namesilo,,,23/09/2026 11:05
9f1ddfd7-86ac-4b72-9941-b042cf1be2e4,hausen.singles,available,9.49,33.99,medium,low,6,namesilo,,,17/09/2026 01:50
db080780-e84d-4ace-8180-891e8581d56e,cornered.singles,available,3.98,36.98,medium,low,8,namecheap,,,07/08/2026 11:02
aa9f8986-d183-4337-9c11-9633c2a61139,sate.singles,available,3.98,36.98,medium,low,4,namecheap,,,09/09/2026 14:30
64d114ee-84f6-446d-a7cc-e0bf40084fca,resignation.singles,available,12.99,,high,low,11,name.com,,,
80649135-96e5-4052-b2d6-ce83550430f2,draft.singles,available,3.98,36.98,high,low,5,namecheap,,,23/09/2026 16:03
0e103d33-4408-4e19-a2d2-5832e64b6432,aurelius.singles,available,9.49,33.99,medium,low,8,namesilo,,,19/09/2026 15:35
ea36fdf0-4ee3-40af-9bc9-a34d52d82c47,wannabee.singles,available,3.98,36.98,medium,low,8,namecheap,,,07/08/2026 05:22
a6680dcb-15f1-4519-920a-e66f57e3bfcd,nick.singles,available,7.17,28.04,high,medium,4,dynadot,,,28/09/2026 02:02
cf9401cf-32d2-426f-8a65-88f2337c597b,deficit.singles,available,12.99,,high,low,7,name.com,,,
91d9b559-943e-48c2-81d5-46a5bb85a5da,chaotic.singles,available,3.98,36.98,high,low,7,namecheap,,,12/08/2026 02:11
2f695e1b-8142-45e0-b56b-d2a813d1eaf5,talked.singles,available,3.98,36.98,high,low,6,namecheap,,,18/09/2026 13:42
33d3b0a9-d5e6-4d2d-8ee3-b4949f571b09,aflutter.singles,available,3.98,36.98,medium,low,8,namecheap,,,
a6431bee-939d-4bdd-82f2-d34e70045c2a,autumnal.singles,available,3.98,36.98,medium,low,8,namecheap,,,07/08/2026 21:23
5e7c4a6b-fd25-48a8-aaa1-05651cb6301d,publication.singles,available,12.99,,high,low,11,name.com,,,
d6906bf0-7d9a-4711-988e-d1df3deeb073,ascesis.singles,available,12.99,43.99,medium,low,7,name.com,,,20/09/2026 13:10
4730f753-471c-466c-a9a2-45b2e29a0fc7,soddy.singles,available,9.49,33.99,medium,low,5,namesilo,,,17/09/2026 09:26
3f31303a-4850-412e-b4eb-f99904a5d1b1,baldly.singles,available,3.98,36.98,medium,low,6,namecheap,,,13/09/2026 23:11
2e2f2361-b81c-442f-9750-26b390b0b1d9,melee.singles,available,9.49,33.99,high,low,5,namesilo,,,22/09/2026 16:23
f00a1bb1-f784-4070-a07e-a9ebc53e2662,bangla.singles,available,3.98,36.98,high,low,6,namecheap,,,22/09/2026 01:51
dc5da5ab-48c4-4f1e-8455-a1f9e1f0b224,godhead.singles,available,3.98,36.98,medium,low,7,namecheap,,,
681e308c-94b0-49d7-8e4c-3a227f1ddd1b,surge.singles,available,9.49,33.99,high,low,5,namesilo,,,23/09/2026 16:36
e9553308-dff1-496e-820f-71c162d3f152,stallion.singles,resell,12.99,,high,low,8,"GoDaddy.com, LLC",09/07/2026 08:58,09/07/2027 08:58,26/09/2026 09:16
a3a9593e-f575-43de-9c5a-93b8b95b3b08,floor.singles,available,3.98,36.98,high,low,5,namecheap,,,08/09/2026 02:52
ecb9a5f3-d183-46e0-9276-6dde4782e0bb,biggish.singles,available,3.98,36.98,medium,low,7,namecheap,,,09/08/2026 20:33
73a9699b-1c56-4d29-a2b0-c8cfc087af8c,gillespie.singles,available,9.49,33.99,high,low,9,namesilo,,,25/09/2026 04:55
d0c0b869-979c-4b51-b251-d6a00fa66557,accurately.singles,available,12.99,,high,low,10,name.com,,,
a9aa9fd2-98b1-407d-9e73-ba179ac29f3d,awning.singles,available,9.49,33.99,high,low,6,namesilo,,,21/09/2026 10:12
ac8615a0-71c9-4263-8332-7dc3229757f8,mediated.singles,available,3.98,36.98,medium,low,8,namecheap,,,24/08/2026 18:53
8713eb91-ff12-4488-a3d8-c4741e684fe7,amongst.singles,available,12.99,,medium,low,7,name.com,,,
1b35f1cd-31d5-4328-b989-d76cd9e3c19d,nonunion.singles,available,3.98,36.98,medium,low,8,namecheap,,,03/09/2026 20:58
6710dbc0-7aff-45db-8512-806a6e48776e,sheriff.singles,available,3.31,27.11,high,low,7,spaceship,,,27/09/2026 15:50
203e03fd-4277-4f2c-bdaf-241485fc12eb,regulation.singles,available,3.98,36.98,high,low,10,namecheap,,,09/09/2026 13:07
e2270e02-c0c6-4faf-83de-fb119debcddf,plucked.singles,available,3.98,36.98,medium,low,7,namecheap,,,08/09/2026 21:28
4d5722bd-9368-4739-8b75-fe58c0563458,coffeepots.singles,available,9.49,33.99,medium,low,10,namesilo,,,21/09/2026 00:56
92a3dc6f-f623-4a59-96a1-d8962e32213b,rough.singles,available,3.98,36.98,high,low,5,namecheap,,,06/08/2026 09:39
2741e5ef-e65c-4886-8be8-5a23ccf7d65d,bradley.singles,available,9.49,33.99,high,low,7,namesilo,,,25/09/2026 02:09
e77f72c9-0b9f-40ab-a1b0-9a54388cc029,unary.singles,available,3.98,36.98,medium,low,5,namecheap,,,12/09/2026 01:06
facdda11-4a44-4289-ac8c-aa8ab316d743,andrei.singles,available,9.49,33.99,high,low,6,namesilo,,,28/09/2026 04:07
fde4de03-4e2c-4a80-b25f-24b07f127ac0,airspeed.singles,available,9.49,33.99,high,low,8,namesilo,,,17/09/2026 23:22
d6ae24c0-c42b-4f46-a995-a3b6d1be43da,laurels.singles,available,9.49,33.99,high,low,7,namesilo,,,16/09/2026 22:48
ed68932c-3b41-4556-96a2-84661e9743fc,drinks.singles,available,9.49,33.99,high,low,6,namesilo,,,25/09/2026 17:32
95c31aff-2d47-40f3-b5cc-0e89173293f0,parentally.singles,available,3.98,36.98,medium,low,10,namecheap,,,15/09/2026 18:57
e6882685-25e8-4953-9712-618d6e8ebc46,berry.singles,available,3.98,36.98,high,low,5,namecheap,,,23/09/2026 10:10
2a8d27e5-fb9d-4d32-81c9-7c86aa0ef395,prosodic.singles,available,3.98,36.98,medium,low,8,namecheap,,,09/09/2026 03:39
e8b20de0-626d-4d79-9548-b05613c13190,underestimate.singles,available,12.99,,medium,low,13,name.com,,,
bcd507bf-a1f3-4bb5-bde0-0f97b6836744,split.singles,available,3.98,36.98,high,low,5,namecheap,,,24/09/2026 11:30
cb7546cd-279f-4d1e-98e9-7f89d0d9cc81,baryon.singles,available,9.49,33.99,medium,low,6,namesilo,,,22/09/2026 09:41
998fd726-8683-4659-82c9-e376e670689a,segovia.singles,available,9.49,33.99,medium,low,7,namesilo,,,19/09/2026 04:41
f5dd3aba-07d9-4179-a108-62ddf4f009f6,nipponese.singles,available,3.98,36.98,medium,low,9,namecheap,,,22/08/2026 12:24
a8822a71-7f87-48d1-9279-c25b904b3881,foolishly.singles,available,3.98,36.98,medium,low,9,namecheap,,,14/09/2026 19:22
f6b9b96a-99e8-49d7-8ca6-c376e8789f22,commit.singles,available,12.99,,high,low,6,name.com,,,
10682144-59da-4be1-8650-2ce62ff9279e,january.singles,available,12.99,,high,low,7,name.com,,,
2736c0ca-1263-4041-b758-4ef621225e7d,restructure.singles,available,12.99,,high,low,11,name.com,,,
7156487c-1073-4a6f-81a2-500618301003,exquisite.singles,available,3.98,36.98,high,low,9,namecheap,,,17/08/2026 18:54
1bc39f1f-b447-479d-9e1f-35d2750cf978,cochlear.singles,available,3.98,36.98,medium,low,8,namecheap,,,12/08/2026 14:45
a84133c1-5a6e-472f-b89d-13ecf65049a9,miffed.singles,available,3.98,36.98,medium,low,6,namecheap,,,
628ded4a-2d50-4abc-aaf7-7c7368e6bc18,rhythmical.singles,available,3.98,36.98,high,low,10,namecheap,,,09/09/2026 17:05
2307d68f-8b54-4657-9ce6-7860858a88f4,navy.singles,available,12.99,,high,low,4,name.com,,,
b62f36df-7972-4c66-8ff2-af4dca59c392,goes.singles,available,9.49,33.99,high,low,4,namesilo,,,25/09/2026 16:38
73f83e8f-b8ea-49ef-8a77-bd99d84941f2,lxi.singles,available,3.98,36.98,medium,low,3,namecheap,,,
4ffacfb9-0342-4461-8d14-7f4d51a7a351,fijian.singles,available,3.98,36.98,high,low,6,namecheap,,,18/08/2026 04:02
211af8f6-d4fc-4c86-bd82-09146d0758df,ownerless.singles,available,3.98,36.98,medium,low,9,namecheap,,,04/09/2026 22:18
f020668b-ef3c-4d96-be97-54639e217414,abetter.singles,available,9.49,33.99,medium,low,7,namesilo,,,16/09/2026 15:19
9a761bc7-7b6a-49aa-955b-0b4b356eab21,flop.singles,available,9.49,33.99,high,low,4,namesilo,,,23/09/2026 12:03
b8bcf69e-f4c4-4bd2-836a-8f0e070f6d3b,whimsical.singles,available,3.98,36.98,high,low,9,namecheap,,,13/09/2026 11:24
829f821b-3ad6-45e1-8dc6-19c65921a38a,professions.singles,available,9.49,33.99,medium,low,11,namesilo,,,19/09/2026 22:50
9ec9667b-637b-40fa-a79a-b996cead104b,arb.singles,available,9.49,33.99,high,low,3,namesilo,,,20/09/2026 00:31
b7c82e63-cadd-4e51-adeb-3ef419a51b26,admit.singles,available,9.49,33.99,high,low,5,namesilo,,,26/09/2026 00:34
f782e63a-06ab-41e4-bc05-491d3597ab06,sergeant.singles,available,9,,high,low,8,unstoppable,,,28/09/2026 06:37
a0bc3cb4-d8e7-4d8a-8b8b-f9c0ffe33b18,dryers.singles,available,9.49,33.99,medium,low,6,namesilo,,,21/09/2026 07:40
5d10cfd4-aa74-4ed6-96ec-00e54ee46ca4,feature.singles,available,9.49,33.99,high,low,7,namesilo,,,23/09/2026 13:48
1a0a1f42-12a0-4d39-b120-3614eb2eddf8,beneficent.singles,available,3.98,36.98,medium,low,10,namecheap,,,09/08/2026 14:22
209d6095-89f0-4a5f-bf75-d2f57f88998f,acyl.singles,available,9.49,33.99,medium,low,4,namesilo,,,17/09/2026 05:49
cdedb96d-ef91-49cb-a473-ba86a335d722,sunlit.singles,available,3.98,36.98,high,low,6,namecheap,,,11/09/2026 01:59
edace13b-5b35-440c-b987-0c8a19b62bb7,auxesis.singles,available,9.49,33.99,medium,low,7,namesilo,,,21/09/2026 08:33
7ba7337b-6bac-4ee6-b857-c4b1292787a2,fishtail.singles,available,12.99,,medium,low,9,name.com,,,
074c9910-7e95-497a-b14a-e4ec58e20e20,threepenny.singles,available,3.98,36.98,medium,low,10,namecheap,,,10/09/2026 09:08
4237ed96-febd-4c32-b3d1-fb5bea62f871,proceeded.singles,available,3.98,36.98,medium,low,9,namecheap,,,18/09/2026 01:36
995372ea-321f-46ce-b757-198ca69adbe6,paneled.singles,available,3.98,36.98,medium,low,7,namecheap,,,05/09/2026 00:50
44149518-5fe3-4ece-bf32-0d6729398655,jack.singles,available,12.99,,high,medium,4,name.com,,,
cbb2a747-59cc-447f-803c-258a705886e6,tasteful.singles,available,3.98,36.98,high,low,8,namecheap,,,11/09/2026 09:00
24fa8c4e-9187-49f3-981d-ff6b4a5d7611,unopen.singles,available,3.98,36.98,medium,low,6,namecheap,,,10/09/2026 07:06
c19a2a52-68cc-425a-ae52-cce8802f209f,bat.singles,available,3.98,36.98,high,low,3,namecheap,,,20/09/2026 18:59
0614e682-4c38-45ee-834d-9fa5fc2cb47c,agar.singles,available,9.49,33.99,medium,low,4,namesilo,,,17/09/2026 16:14
348f9c68-f62f-4564-be8e-7356c4ea1eb7,multitude.singles,available,12.99,,high,low,9,name.com,,,
fc240f32-f26f-4f70-98f6-997bcee55571,akee.singles,available,12.99,43.99,medium,low,4,name.com,,,17/09/2026 01:56
ec55f0b7-e1a8-4b44-a21c-07d7af60a65c,baldr.singles,available,3.98,36.98,medium,low,5,namecheap,,,21/09/2026 21:35
a94d6b34-cb03-4fa6-8be7-2536878565a4,sobeit.singles,available,9.49,33.99,low,low,8,namesilo,,,16/09/2026 13:51
4f329eb4-b992-4e67-b8d6-b6292bd0326b,expedience.singles,available,3.98,36.98,medium,low,10,namecheap,,,10/09/2026 02:11
25fa9019-59fe-4fd8-877e-b5577b3dceb0,tempt.singles,available,9.49,33.99,high,low,5,namesilo,,,18/09/2026 12:14
89cb3812-6f08-496e-a585-9a09a840fecc,uruguayan.singles,available,3.98,36.98,high,low,9,namecheap,,,12/09/2026 23:55
a1ed6600-1492-481c-b41f-a91f1afeb690,kazan.singles,available,3.98,36.98,high,low,5,namecheap,,,28/09/2026 05:35
095a5e4b-2907-4b02-bc24-74328aba46cf,gutsy.singles,available,3.98,36.98,high,low,5,namecheap,,,20/08/2026 21:14
014b667c-b325-402a-8510-3e83e54bd371,impossibly.singles,available,3.98,36.98,medium,low,10,namecheap,,,15/09/2026 04:27
78532e22-4246-4891-a724-494ce8b81ebf,neophyte.singles,available,3.98,36.98,medium,low,8,namecheap,,,18/08/2026 07:34
c4ec6801-07d9-45bd-9c8b-9a1fed9d1787,luck.singles,available,12.99,,high,low,4,name.com,,,
f102c4e0-a529-4a7f-9e7c-ce9cd838409c,compatibly.singles,available,3.98,36.98,medium,low,10,namecheap,,,14/09/2026 07:43
e98916c8-5f4d-4dd0-96c2-7679cd2b1d46,barbeque.singles,available,12.99,,high,low,8,name.com,,,
8cdb6fc2-2ad5-48c1-9470-c22ed8075d08,qing.singles,available,9.49,33.99,high,low,4,namesilo,,,27/09/2026 12:26
2a86a6d9-3724-44cc-9b08-9a80bf12fbe9,mansion.singles,available,3.31,27.11,high,low,7,spaceship,,,28/09/2026 06:20
36510492-964e-49c0-8142-837b6ebf675d,thundery.singles,available,12.99,43.99,medium,low,8,name.com,,,13/08/2026 19:58
78c07cf8-0734-4429-8f9e-f45bb85ef5aa,hollywood.singles,premium,242,242,high,low,9,namesilo,,,21/08/2026 10:34
f97b594f-691b-440d-abed-07864ede84e8,refused.singles,available,9.49,33.99,medium,low,7,namesilo,,,18/09/2026 13:40
bc06a6ad-f4a7-469e-946c-333486a3342a,cricket.singles,available,12.99,,high,low,7,name.com,,,
d40ab418-d592-4401-90ce-0f3a1a751b95,bakehouse.singles,available,3.98,36.98,high,low,9,namecheap,,,21/09/2026 20:13
15614637-cff4-467e-91bb-65f62b77f63a,antimony.singles,available,9.49,33.99,medium,low,8,namesilo,,,19/09/2026 14:45
8e4beffd-213e-434d-b83a-c0bb2aaf7627,barony.singles,available,9.49,33.99,medium,low,6,namesilo,,,22/09/2026 07:36
b7901e12-7803-4228-ac4b-4b34275e10b3,coercive.singles,available,3.98,36.98,medium,low,8,namecheap,,,12/08/2026 15:24
f504543c-cbfe-44e3-9c90-f54733109611,rhodium.singles,available,9.49,33.99,high,low,7,namesilo,,,20/09/2026 23:08
080c0cb8-ed99-4d1e-ab3c-535eb49cdb90,afternoon.singles,available,12.99,,high,low,9,name.com,,,
dd1d1c58-bf07-4919-ac70-8e17437680c0,mcmuffin.singles,available,12.99,,high,low,8,name.com,,,
0c8667ea-85e4-4433-99b5-ca48a751bfd2,uncoiled.singles,available,3.98,36.98,medium,low,8,namecheap,,,12/09/2026 05:44
c0976e7c-a256-4147-8e4c-8e68ae4109e0,bosh.singles,available,9.49,33.99,medium,low,4,namesilo,,,21/09/2026 23:47
e4fdc24b-08fa-4d59-9814-48fea2327ece,thick.singles,available,9.49,33.99,high,low,5,namesilo,,,22/09/2026 22:11
de518c38-11d8-4807-8c90-da6093d90879,bookmark.singles,available,9.49,33.99,high,low,8,namesilo,,,24/09/2026 07:12
cb3e07c9-7a75-4f05-a9aa-e99c1e53a7cb,hypnotized.singles,available,3.98,36.98,high,low,10,namecheap,,,17/08/2026 22:46
bd1ea8cf-1e33-48c8-bd06-6ec2c3f9ca86,autogenous.singles,available,3.98,36.98,medium,low,10,namecheap,,,07/08/2026 20:16
c46682c9-5ab9-423f-9ed1-c09d9fb12600,desmond.singles,available,3.98,36.98,high,low,7,namecheap,,,26/09/2026 03:14
569d6a61-afaf-4ad4-9843-ffbb5b504214,ashore.singles,available,3.98,36.98,medium,low,6,namecheap,,,13/09/2026 22:07
a8730ef4-3909-489c-94a1-a02bb5755d71,chronicle.singles,available,9.49,33.99,high,low,9,namesilo,,,16/09/2026 23:05
5b1eff9f-08b5-489f-8b13-6571ee27973f,leadless.singles,available,3.98,36.98,medium,low,8,namecheap,,,22/08/2026 21:48
3448fed7-b084-422d-86bc-e9a7139d209b,banjo.singles,available,9.49,33.99,high,low,5,namesilo,,,22/09/2026 02:11
8057b281-b499-4252-bb28-a1a4bdc8c9ed,comedo.singles,available,9.49,33.99,medium,low,6,namesilo,,,24/09/2026 02:47
302fb1a6-0da5-4676-b173-4986e59794d8,harvest.singles,available,9.49,33.99,high,low,7,namesilo,,,24/09/2026 19:41
f242a423-1cb9-42ef-bb99-ea6186ab9a89,hercules.singles,available,12.99,,high,low,8,name.com,,,
1c07ddbf-3e49-4016-a144-834c6c581da2,isbn.singles,available,12.99,,high,low,4,name.com,,,
d81bf953-411c-42bd-b22d-039c20d9d6f2,loan.singles,available,3.98,36.98,high,low,4,namecheap,,,25/09/2026 09:02
0d219006-275f-4e55-ab47-a688b4c48223,desires.singles,available,3.98,36.98,high,low,7,namecheap,,,17/09/2026 08:40
ed0b7bf7-c7ec-4612-b0d2-a38b30f9c70c,disastrous.singles,available,3.98,36.98,medium,low,10,namecheap,,,11/08/2026 13:30
b6669b52-4027-4d15-b190-fb01827985b3,disarming.singles,available,3.98,36.98,high,low,9,namecheap,,,14/08/2026 09:30
59ae151b-e097-4eef-bd3f-d73ba69c8300,insistent.singles,available,3.98,36.98,medium,low,9,namecheap,,,13/08/2026 09:33
78e64e77-0bfe-45ed-a2da-546c54776833,bonfires.singles,available,3.98,36.98,medium,low,8,namecheap,,,20/09/2026 12:29
96cee75f-cc3c-4dd5-bc52-d02b62510949,acarpelous.singles,available,3.98,36.98,medium,low,10,namecheap,,,
cc5ab667-77e2-4411-ab5a-9af465a7d45d,argo.singles,available,9.49,33.99,high,low,4,namesilo,,,20/09/2026 04:30
c1b39a7f-b4ae-462b-95bf-2dacc0b33f97,authoriser.singles,available,9.49,33.99,medium,low,10,namesilo,,,21/09/2026 05:16
d0010337-8600-4a8b-9acf-c5b5c51f65c0,sizeable.singles,available,3.98,36.98,high,low,8,namecheap,,,20/08/2026 16:40
0638b1f5-f0fa-44cd-8b20-ad197c5c2a19,jersey.singles,available,,,high,high,6,,,,
5e56614a-daca-4c37-80ca-4ff0d3e2bf5a,poll.singles,available,12.99,,high,low,4,name.com,,,
f462fbfe-e9a3-4f17-bf82-0818d08a92e5,clothing.singles,available,9,33.99,high,low,8,unstoppable,,,28/09/2026 04:12
71b1296f-5754-4c08-86a0-1f783e7508fa,investors.singles,available,3.98,36.98,high,low,9,namecheap,,,
93b42632-30d5-4c7e-9b56-4dc5ea8dc6ca,bookshelf.singles,available,3.98,36.98,high,low,9,namecheap,,,24/09/2026 07:17
4c1c4aa8-ccc9-4752-8729-4ae804cbf38c,dyslexic.singles,available,3.98,36.98,medium,low,8,namecheap,,,14/08/2026 22:03
2e5ba6a4-770e-4817-91e5-a68438b14993,nilotic.singles,available,3.98,36.98,medium,low,7,namecheap,,,03/09/2026 17:26
c60c5fd1-69e0-4e3b-adb9-3d4992a33182,barstow.singles,available,3.98,36.98,medium,low,7,namecheap,,,22/09/2026 08:54
87558f57-c3ee-49f6-b87c-d9c4da768282,reliably.singles,available,3.98,36.98,high,low,8,namecheap,,,14/09/2026 11:46
9ff3743b-7b4a-4aff-9a03-3221b92321c2,embracing.singles,available,12.99,,high,low,9,name.com,,,
dc952225-fef5-4dfa-ae90-5140117b6bdb,journalist.singles,available,3.31,27.11,high,low,10,spaceship,,,27/09/2026 12:59
737925d2-31ad-41bc-bbdc-d211b92a71f2,alhambra.singles,premium,78.54,78.54,high,low,8,namesilo,,,18/09/2026 07:18
13ecf3fd-dfd5-4509-8bbb-4d8b90cab8d0,meter.singles,available,9.49,33.99,high,low,5,namesilo,,,25/09/2026 15:55
318e4553-ed59-414d-b763-1586b2d1e72e,townsend.singles,available,9.49,33.99,high,low,8,namesilo,,,25/09/2026 06:09
0ce78509-3903-48e7-97c0-c63e75390eaf,anne.singles,available,9.49,33.99,high,low,4,namesilo,,,19/09/2026 10:11
6a868e11-f117-4505-8bc0-a02f3bb8e45c,screen.singles,available,9,33.99,high,low,6,unstoppable,,,28/09/2026 08:44
c5a14f31-a7dc-49ae-92ae-9cf388ec9d79,whorled.singles,available,3.98,36.98,medium,low,7,namecheap,,,12/08/2026 16:18
2a989e0b-3f8f-4875-b80e-50689855b40f,basswood.singles,available,9.49,33.99,medium,low,8,namesilo,,,22/09/2026 12:34
182d4738-cedf-4f5f-b4f4-214ccb0b4bbf,melancholy.singles,available,3.98,36.98,high,low,10,namecheap,,,25/09/2026 19:05
9823234d-6594-49dc-961d-9f5059cea68d,uterine.singles,available,3.98,36.98,medium,low,7,namecheap,,,13/09/2026 00:02
b0509535-a7ed-48fc-92d9-caf609e87fa2,banal.singles,available,9.49,33.99,medium,low,5,namesilo,,,22/09/2026 16:37
370fe9c9-409a-4165-8ccd-ba8c97572d71,isomorphic.singles,available,3.98,36.98,high,low,10,namecheap,,,22/08/2026 11:12
ab349578-076e-4866-8239-c4a306ef61d7,ashy.singles,available,3.98,36.98,medium,low,4,namecheap,,,07/08/2026 02:04
120e5503-1f28-4809-9c42-5009667f2195,bent.singles,available,3.98,36.98,medium,low,4,namecheap,,,09/08/2026 14:16
09720218-5426-4e4e-bdbc-cb4755e2c794,analogical.singles,available,3.98,36.98,medium,low,10,namecheap,,,
c5a2a0a6-9548-4c39-8f6a-4adba3168329,dripping.singles,available,3.98,36.98,medium,low,8,namecheap,,,14/09/2026 14:32
9cc323c7-2fed-4fa3-b656-1e480e965581,sanctions.singles,available,9.49,33.99,medium,low,9,namesilo,,,20/09/2026 01:56
8fa61b08-4eab-451b-8efa-c6f2e8ad6b39,diane.singles,available,3.98,36.98,high,low,5,namecheap,,,25/09/2026 19:09
fbf3ef94-4a6f-45cd-adb2-da563176b2d1,chaldean.singles,available,3.98,36.98,medium,low,8,namecheap,,,12/08/2026 01:26
20b7d2e7-077d-4d89-be05-d3751e973aec,esteemed.singles,available,3.98,36.98,high,low,8,namecheap,,,17/08/2026 13:23
f567db37-3722-4024-8acf-9c76521c17e8,liveable.singles,available,3.98,36.98,high,low,8,namecheap,,,24/08/2026 07:44
84c9acfc-cfd3-4a4c-9ac4-c2d7431fd6b3,special.singles,available,9.49,33.99,high,low,7,namesilo,,,24/09/2026 15:16
c62fc743-7eb3-43b5-a408-a775bdea80c8,gear.singles,available,12.99,,high,low,4,name.com,,,
36a24fae-76e0-4eed-a003-2d188422f6b6,multiplex.singles,available,3.98,36.98,high,low,9,namecheap,,,24/08/2026 15:08
90ee3513-ef57-4631-8d22-63859a01a18b,heavyset.singles,available,3.98,36.98,medium,low,8,namecheap,,,21/08/2026 05:31
1fe342d2-534c-403b-8dd9-641bc2d92da3,certainly.singles,available,3.98,36.98,high,low,9,namecheap,,,24/09/2026 21:00
a3838136-59d0-4997-8604-3395b2996234,chem.singles,available,9.49,33.99,high,low,4,namesilo,,,18/09/2026 00:59
0aabd816-37d4-4b8d-a571-925b6870bbbd,ridiculous.singles,available,9.49,33.99,high,low,10,namesilo,,,24/09/2026 06:27
a7f7ceb5-f64e-4cf4-b5ea-f93c30f6e0cd,hardship.singles,available,9.49,33.99,high,low,8,namesilo,,,17/09/2026 10:51
47dd7b65-e59d-4b92-b690-026d772e3dbd,brutish.singles,available,3.98,36.98,low,low,7,namecheap,,,09/08/2026 17:59
44055790-f94d-4c2c-93cd-885d8d396c8a,fluky.singles,available,3.98,36.98,medium,low,5,namecheap,,,18/08/2026 09:19
29f0784e-5ca4-4abc-8015-c458a03cf745,aviatrix.singles,available,9.49,33.99,high,low,8,namesilo,,,17/09/2026 23:25
0ce2f648-18a8-4cb0-a69b-82250d2e2484,nondrinker.singles,available,3.98,36.98,medium,low,10,namecheap,,,
b1262925-b68e-4196-a832-b80634987135,breakdown.singles,available,3.31,27.11,high,low,9,spaceship,,,28/09/2026 01:08
851263b7-5d86-455c-b7bb-cff165051779,antapex.singles,available,9.49,33.99,medium,low,7,namesilo,,,19/09/2026 12:32
98430e80-bdbd-4880-a5fe-595397aa7a03,initially.singles,available,12.99,,high,low,9,name.com,,,
a03677ec-2888-4723-9d41-0e18c84ed818,touchable.singles,available,3.98,36.98,high,low,9,namecheap,,,11/09/2026 07:57
48d6033b-2a8f-4487-904b-425e8b453e71,scheming.singles,available,3.98,36.98,medium,low,8,namecheap,,,11/08/2026 14:03
b9a2611b-b71a-48d7-820c-a425c6b5b14e,brushy.singles,available,3.98,36.98,medium,low,6,namecheap,,,10/08/2026 20:19
8c6a4cf5-a1c1-4e75-956f-ec91e0a1ed6d,hadean.singles,available,3.98,36.98,medium,low,6,namecheap,,,20/08/2026 21:32
5e1adca7-7bc6-4395-800f-563f313c1797,alveolar.singles,available,9.49,33.99,medium,low,8,namesilo,,,22/09/2026 02:54
0ceeef70-c391-47ee-b94b-b16374f98779,brainwash.singles,available,12.99,,high,low,9,name.com,,,
c0da817b-dea7-4ba1-b4fc-f695ae382588,galactic.singles,available,3.98,36.98,high,low,8,namecheap,,,18/08/2026 19:35
bc5abbcd-f5e0-4dc0-b646-e7ad72e9dbbb,ordinance.singles,available,3.98,36.98,high,low,9,namecheap,,,09/09/2026 13:13
abd7adb3-ad8e-45b6-9661-6730de92c245,pompous.singles,available,3.98,36.98,medium,low,7,namecheap,,,12/08/2026 00:37
959b6e6b-0472-4222-8a08-c0093d117364,ram.singles,available,9.49,33.99,high,low,3,namesilo,,,20/09/2026 05:25
423c2779-e12f-4556-9991-eea81918a257,dyadic.singles,available,3.98,36.98,high,low,6,namecheap,,,14/08/2026 21:52
57ba7818-ddf8-4b94-97a7-ec55584a7cc8,testify.singles,available,9.49,33.99,high,low,7,namesilo,,,25/09/2026 11:08
aa73400f-1e47-492a-a0de-93d31035822d,beet.singles,available,9.49,33.99,high,low,4,namesilo,,,23/09/2026 01:49
003061c8-07ab-40ab-9d51-3ab3f6238b6f,telltale.singles,available,3.98,36.98,high,low,8,namecheap,,,11/09/2026 10:35
ae07fa0b-18e9-4f34-afec-c857887f9354,dyed.singles,available,3.98,36.98,medium,low,4,namecheap,,,14/08/2026 21:54
4ac70616-7213-4196-a43d-740a9268bcae,motors.singles,available,9.49,33.99,medium,low,6,namesilo,,,21/09/2026 01:16
19cc732e-ab01-4571-9aa3-5f1b1a89ead3,dahomey.singles,available,9.49,33.99,medium,low,7,namesilo,,,23/09/2026 08:10
f87af694-7520-46e9-a20a-9d2fd1ef4885,occasion.singles,available,12.99,,high,low,8,name.com,,,
c8a76503-0cf3-4bf8-b333-b4e2700114b0,spine.singles,available,12.99,,high,low,5,name.com,,,
c5f81946-1fc7-461d-b576-ba5462e29851,invigorate.singles,available,9.49,33.99,high,low,10,namesilo,,,22/09/2026 04:52
214de4c8-c914-4817-bf96-39dc137d9955,referred.singles,available,9.49,33.99,medium,low,8,namesilo,,,17/09/2026 06:11
39f3add6-4be6-47bb-a291-a4e9a7a229da,informally.singles,available,12.99,,medium,low,10,name.com,,,
cb8f8fe2-5402-48fb-bad0-bffc9160b8ff,sextuple.singles,available,3.98,36.98,medium,low,8,namecheap,,,10/09/2026 05:19
aab31b0c-bdfc-4f95-932b-42cb599c0559,marks.singles,available,12.99,,high,low,5,name.com,,,
08e73728-1294-404b-8002-e99ff387386b,aloe.singles,available,3.98,36.98,high,low,4,namecheap,,,18/09/2026 12:59
814983d1-f233-4cdc-9a88-7f8b772c5a43,ellison.singles,available,9.49,33.99,high,low,7,namesilo,,,27/09/2026 03:49
4ba80b07-e058-4965-9765-5bb625509731,namely.singles,available,12.99,,medium,low,6,name.com,,,
e57811fe-c8f5-4962-959f-e4deabda8b9a,aesculus.singles,available,12.99,43.99,medium,low,8,name.com,,,17/09/2026 13:22
1a29b355-a5f9-45da-b3f9-4e45bf6edaba,handsome.singles,resell,,,high,low,8,"GoDaddy.com, LLC",09/07/2026 08:58,09/07/2027 08:58,26/09/2026 06:33
f5443262-932a-4b25-8f04-2533f01286c7,species.singles,available,9.49,33.99,high,low,7,namesilo,,,26/09/2026 00:22
ee71a635-63d8-4155-b077-80cb43a939a2,affair.singles,available,9.49,33.99,high,low,6,namesilo,,,17/09/2026 13:59
05fc890b-ddd5-44a0-9c74-a411b4f63143,details.singles,available,12.99,,high,low,7,name.com,,,
dba40bdd-4623-4388-9a42-354c72c445c8,patterned.singles,available,3.98,36.98,medium,low,9,namecheap,,,08/09/2026 10:49
5a7cd426-6198-4024-a905-b7b1da9f3430,krubi.singles,available,9.49,33.99,medium,low,5,namesilo,,,18/09/2026 22:48
da976340-225a-4586-8aa5-881859e67e60,orpine.singles,available,3.98,36.98,medium,low,6,namecheap,,,24/08/2026 07:58
1b9406bf-ad5a-411c-aebc-7af952301ee5,grimly.singles,available,3.98,36.98,medium,low,6,namecheap,,,14/09/2026 22:25
824b4967-494d-49a4-ae1a-847b7c996fac,voluminous.singles,available,3.98,36.98,high,low,10,namecheap,,,13/08/2026 00:30
82048238-9513-429a-a99c-7a9976721e7e,smoggy.singles,available,3.98,36.98,medium,low,6,namecheap,,,10/09/2026 11:52
74f34f96-e4f6-4080-a01d-805c99de8f70,aweigh.singles,available,3.98,36.98,low,low,6,namecheap,,,07/08/2026 14:29
2bcad5a8-9ed2-4027-880d-aa8353a00967,myotonic.singles,available,3.98,36.98,medium,low,8,namecheap,,,03/09/2026 12:15
e6db183e-4741-49b3-94ec-cc63d74d2a09,leal.singles,available,3.98,36.98,medium,low,4,namecheap,,,22/08/2026 22:03
3a833f94-997b-4923-accf-be21023a8c68,swiftly.singles,available,12.99,,high,low,7,name.com,,,
ff336fd6-3295-4956-be96-bc26c9e3d940,rowe.singles,available,9.49,33.99,high,low,4,namesilo,,,25/09/2026 16:05
52f851ec-bcd4-4b71-8749-58fae1d1ad8e,vulgar.singles,available,3.98,36.98,high,low,6,namecheap,,,14/08/2026 22:44
06add4d3-6d57-47cc-ba53-e343c85c08c4,afraid.singles,available,9.49,33.99,high,low,6,namesilo,,,26/09/2026 00:46
d8103c40-9087-4d29-b073-9f105cd7fc81,sundown.singles,available,3.98,36.98,high,low,7,namecheap,,,11/09/2026 02:12
6678b6cb-2481-44ae-aac6-ad0dc8f1bc3d,forcible.singles,available,3.98,36.98,medium,low,8,namecheap,,,18/08/2026 11:19
ec6fa81c-1fc2-429a-bf07-4d97764a19a7,tottering.singles,available,3.98,36.98,medium,low,9,namecheap,,,11/09/2026 18:14
da1ff838-a371-4585-af1b-aa97fbee509b,explode.singles,available,3.31,27.11,high,low,7,spaceship,,,27/09/2026 16:32
c41bafa1-86a5-4096-860e-696afd7e0a19,managerial.singles,available,3.98,36.98,high,low,10,namecheap,,,24/08/2026 14:32
d81384fc-b39c-4923-a727-9f744415ced3,wooden.singles,available,12.99,,high,low,6,name.com,,,
54e13068-3045-40ee-b5ed-515029003d54,download.singles,available,26.2,26.2,high,low,8,cloudflare,,,28/09/2026 06:58
29e01629-6a79-404b-b144-6668e4254361,firstborn.singles,available,3.98,36.98,high,low,9,namecheap,,,16/08/2026 02:17
3b6ce448-f8cf-4552-b016-6cb0c0a16d54,sectional.singles,available,3.98,36.98,medium,low,9,namecheap,,,10/09/2026 01:18
a35e8621-f090-4493-b0bb-bc407146cb05,delicious.singles,available,9.49,33.99,high,low,9,namesilo,,,24/09/2026 05:16
cdb94832-490f-40ce-9c62-d6eb0dca3a0d,indic.singles,available,3.98,36.98,medium,low,5,namecheap,,,22/08/2026 03:16
3a5bfaf9-24a7-40c7-9494-957f7f8798a2,clove.singles,available,9.49,33.99,high,low,5,namesilo,,,24/09/2026 16:05
66ceeb45-e13e-43ea-b82f-0bb1db1274e4,haircut.singles,available,12.99,,high,low,7,name.com,,,
560bb4c1-c2a2-4d6b-80bc-fc06c375b0f4,tug.singles,available,12.99,,high,low,3,name.com,,,
e89f0ee4-1531-4d7f-a5e9-3280d32a9a21,taboo.singles,available,3.98,36.98,high,low,5,namecheap,,,18/08/2026 11:03
666edfb8-bcdd-4baf-80c0-0aeeaf58f8d7,starch.singles,available,9.49,33.99,high,low,6,namesilo,,,19/09/2026 00:32
e993f18b-8f18-4a79-bb4b-44ea12096753,heartening.singles,available,3.98,36.98,medium,low,10,namecheap,,,21/08/2026 02:09
5dc1bfe5-a8e3-4db3-91ee-07ed11dc2ecc,intolerant.singles,available,3.98,36.98,medium,low,10,namecheap,,,21/08/2026 20:02
14d88249-09c6-49ab-9bb1-b99c9555896c,wwii.singles,available,9.49,33.99,medium,low,4,namesilo,,,28/09/2026 07:36
8b12054d-2f25-4e06-b81f-cb2a035121d7,les.singles,premium,78.54,78.54,high,low,3,namesilo,,,
c13abe10-f5a6-4bd0-9b41-d153dd94f105,anemone.singles,available,9.49,33.99,high,low,7,namesilo,,,19/09/2026 05:19
5f2a65d4-2e64-46dc-9a24-79d1af55f48f,speculation.singles,available,12.99,,medium,low,11,name.com,,,
4afeb2f8-02cd-4718-86b3-47334974d29e,potbound.singles,available,3.98,36.98,medium,low,8,namecheap,,,09/09/2026 00:44
3e0a16de-75f7-423f-b8b4-0355b90e86ba,agaragar.singles,available,9.49,33.99,medium,low,9,namesilo,,,17/09/2026 16:15
48153cbc-37bd-4423-8e13-5a3026ac8e18,ian.singles,available,9.49,33.99,high,low,3,namesilo,,,25/09/2026 13:39
adfe1d1a-26ef-474d-a8c4-64d03a5998e4,pals.singles,resell,12.99,,high,low,4,"GoDaddy.com, LLC",11/06/2026 04:32,11/06/2027 04:32,26/09/2026 08:00
6b95945f-7dbd-4f69-84f2-33bd352f4f72,inchoate.singles,available,3.98,36.98,medium,low,8,namecheap,,,22/08/2026 01:16
cfeadce1-4c27-4a24-9ee1-dd1668217c59,blanquillo.singles,available,3.98,36.98,medium,low,10,namecheap,,,24/09/2026 04:04
3b060928-0b77-4300-b78c-198eaaf19a84,saloon.singles,available,9.49,33.99,high,low,6,namesilo,,,22/09/2026 03:40
10344a15-a108-4cfd-ba30-4dfa57cab3a1,inherited.singles,available,3.98,36.98,high,low,9,namecheap,,,18/08/2026 21:33
1f04e77c-ca3d-41b6-a30b-e72572a6efc6,schumann.singles,available,9.49,33.99,high,low,8,namesilo,,,28/09/2026 05:27
b0d057e0-474d-4504-8f85-daea788673d8,macarthur.singles,available,12.99,43.99,high,low,9,name.com,,,25/09/2026 20:07
bfb94630-1444-418c-aaf7-6f26df640e92,cupidity.singles,available,9.49,33.99,medium,low,8,namesilo,,,21/09/2026 08:48
6dff60e9-9adc-4f11-843a-633501f54b82,component.singles,available,3.98,36.98,high,low,9,namecheap,,,23/09/2026 20:58
08de3b66-378a-4aeb-a4b2-4fea6fbe91c9,give.singles,available,12.99,,high,low,4,name.com,,,
3ce927b7-79e6-498d-a967-0c4aa78934a9,serotonin.singles,available,9.49,33.99,high,low,9,namesilo,,,16/09/2026 12:37
4e335f94-fb30-4a70-a133-e20908102e01,violently.singles,available,9.49,33.99,medium,low,9,namesilo,,,16/09/2026 11:00
c0fedf19-22e5-42b8-9138-1770b4bf705e,behaviour.singles,available,9.49,33.99,high,low,9,namesilo,,,23/09/2026 03:08
caf5d1ae-adcb-42e0-b49e-9ad733ef62ac,conjugal.singles,available,3.98,36.98,high,low,8,namecheap,,,12/08/2026 22:07
c56907ef-8a00-4705-97c2-d1c0149bf288,sniff.singles,available,12.99,,high,low,5,name.com,,,
882c2bec-9362-4b4b-a5e7-69953e741809,repose.singles,available,3.98,36.98,high,low,6,namecheap,,,20/09/2026 19:37
cdd44b9a-8d7c-4d84-b2eb-c47454f8b9f6,flavorless.singles,available,3.98,36.98,medium,low,10,namecheap,,,10/08/2026 12:57
db33cefa-8f5f-432f-b3be-93785d3c6218,utility.singles,available,9.49,33.99,high,low,7,namesilo,,,19/09/2026 06:04
2be85171-dba7-4a95-bd1b-c3240b028487,custer.singles,available,26.2,26.2,medium,low,6,cloudflare,,,28/09/2026 01:44
0a0c9ee3-d8f3-472d-b210-f5e322af993c,bairn.singles,available,3.98,36.98,medium,low,5,namecheap,,,21/09/2026 19:31
6bb1ceda-ae35-4246-bea1-e99ff793eaae,hieratic.singles,available,3.98,36.98,medium,low,8,namecheap,,,21/08/2026 08:24
6cc1ee62-cc63-41ef-8b2c-78b58b22d1cd,mann.singles,available,9.49,33.99,high,low,4,namesilo,,,25/09/2026 07:33
12f5ead4-b104-436d-aa1f-2263522b2940,preceding.singles,available,12.99,,medium,low,9,name.com,,,
5c37766d-cc21-494d-96cf-19f26e3a0f4e,untidy.singles,available,3.98,36.98,medium,low,6,namecheap,,,12/09/2026 21:22
8e392c36-b641-4efc-a064-f21eaa41211d,compeer.singles,available,3.98,36.98,high,low,7,namecheap,,,17/08/2026 11:35
a761c633-c0f7-48d2-843d-0141a7a5f911,court.singles,available,9.49,33.99,high,low,5,namesilo,,,27/09/2026 16:05
d5bfe7a4-0340-487a-bf30-31098ebb12f3,lightness.singles,available,3.98,36.98,high,low,9,namecheap,,,17/09/2026 17:53
a3940045-3d68-4180-893f-6f6dd62ff1bd,acold.singles,available,3.98,36.98,medium,low,5,namecheap,,,
5bb6e32e-0d2f-4512-9f23-1b18ca61069b,wacky.singles,available,9.49,33.99,high,low,5,namesilo,,,22/09/2026 08:23
b143bffa-b403-4640-a803-c28ab1377343,notes.singles,available,12.99,,high,low,5,name.com,,,
899d09ce-ca46-4c63-9d3c-6429c9b7c5d5,floors.singles,available,7.21,27.29,medium,low,6,porkbun,,,27/09/2026 22:02
3bdabb56-73db-4ded-80fc-01d9cea43757,diocese.singles,available,9.49,33.99,high,low,7,namesilo,,,23/09/2026 21:58
1dc3e1bc-5d84-4adc-aa61-cb14f7c5f6ac,arrowsmith.singles,available,9.49,33.99,medium,low,10,namesilo,,,20/09/2026 09:31
84b35f91-53b4-468e-8fe5-9afcc6da4681,polyatomic.singles,available,3.98,36.98,high,low,10,namecheap,,,08/09/2026 23:10
e6b90f31-fbec-434e-b266-68b7bbd747f8,harmsworth.singles,available,9.49,33.99,medium,low,10,namesilo,,,18/09/2026 06:27
62ebecc2-53bc-4bc3-837c-ca52c38f6a81,analyser.singles,available,3.98,36.98,high,low,8,namecheap,,,19/09/2026 01:57
1f4804ee-fdaa-401d-9275-ffade344ae91,astral.singles,available,3.98,36.98,high,low,6,namecheap,,,07/08/2026 09:57
0cff6c52-d6cc-43ee-af68-b5bb30002d80,amount.singles,available,9.49,33.99,high,low,6,namesilo,,,25/09/2026 05:06
b1917cf1-2e52-4e7e-967d-acf768896ab3,aeriferous.singles,available,3.98,36.98,medium,low,10,namecheap,,,
84ae6a93-0f8c-4a7f-94e6-b48cc56173bc,violation.singles,available,12.99,,high,low,9,name.com,,,
43107bba-60b5-4bca-a4ec-220fdf4af00e,apian.singles,available,3.98,36.98,medium,low,5,namecheap,,,05/08/2026 23:47
c94f8381-e038-4399-a081-970e657e793e,opencut.singles,available,3.98,36.98,medium,low,7,namecheap,,,04/09/2026 16:10
938f2872-66e8-4014-bd16-71a5410cb8e5,lineup.singles,available,9.49,33.99,high,low,6,namesilo,,,22/09/2026 14:38
b3251e60-ae4f-43cc-83e1-b751591db575,leap.singles,available,9.49,33.99,high,medium,4,namesilo,,,23/09/2026 01:39
8db6b068-d30f-40a2-b86f-96953efcb69b,elaborate.singles,available,9.49,33.99,high,low,9,namesilo,,,24/09/2026 07:12
9a2f41c1-510f-434e-aebf-fa095d25fd28,harcourt.singles,available,3.98,36.98,medium,low,8,namecheap,,,27/09/2026 08:10
471c01d7-6410-4844-9f69-741be388e767,attainable.singles,available,9.49,33.99,high,low,10,namesilo,,,19/09/2026 04:15
42ecaebe-8054-49a2-8e92-19304367ebb9,apiarian.singles,available,3.98,36.98,medium,low,8,namecheap,,,05/08/2026 23:53
ecdfee9f-5a82-4b50-b979-c6b4445aea7e,bewitched.singles,available,3.98,36.98,medium,low,9,namecheap,,,09/08/2026 18:17
a45d11df-4936-458a-917e-56952c8d738a,azide.singles,available,3.98,36.98,high,low,5,namecheap,,,21/09/2026 11:12
e1e8a8ab-855e-4899-8b71-2b9e96aba49b,nonplus.singles,available,9.49,33.99,medium,low,7,namesilo,,,21/09/2026 17:34
ae0b3600-7cad-4e06-b0d2-676bfeabcedc,marduk.singles,available,9.49,33.99,medium,low,6,namesilo,,,21/09/2026 12:06
4c062b51-c0d7-4f55-8d1c-d4c9c0003b9e,motherly.singles,available,3.98,36.98,high,low,8,namecheap,,,25/08/2026 07:06
d78b0775-f58d-4683-8d2f-f3432f278073,platte.singles,available,3.31,27.11,high,low,6,spaceship,,,28/09/2026 02:56
27a85f85-84a6-4c8a-9402-c1b59ef9cede,tedious.singles,available,9.49,33.99,medium,low,7,namesilo,,,23/09/2026 00:32
4ec0f072-8259-48da-87cd-d5adfaf54e38,circle.singles,available,9.49,33.99,high,medium,6,namesilo,,,27/09/2026 16:29
2757cb2a-a1d7-4c5e-950a-0b9a3bc53dd9,rounded.singles,available,9.49,33.99,high,low,7,namesilo,,,19/09/2026 15:40
58ece4c3-9032-4ac1-9541-bc9f4166b885,maui.singles,available,7.17,28.04,high,low,4,dynadot,,,28/09/2026 02:23
97946432-8c8e-430a-b450-177abc757a39,resolved.singles,available,3.31,27.11,high,low,8,spaceship,,,27/09/2026 12:25
42d0f9d2-aae4-43d2-8e1a-bb60dd8510dd,canorous.singles,available,3.98,36.98,medium,low,8,namecheap,,,11/08/2026 17:35
ecb18d1d-0c80-4f70-b2dc-19c6e84b1b49,minimalist.singles,available,3.98,36.98,high,low,10,namecheap,,,24/08/2026 23:51
2a6d368e-1077-4965-8460-2e6fc155dc88,faster.singles,available,3.98,36.98,high,low,6,namecheap,,,14/09/2026 17:46
2b2b6bad-0c8c-4a33-b9ec-92a3fe91715a,loth.singles,available,3.98,36.98,medium,low,4,namecheap,,,24/08/2026 08:19
e3a15d61-0ca3-4edf-afd5-8c1c76912017,adding.singles,available,12.99,,high,low,6,name.com,,,
a1434846-0a8b-4b0c-9cec-b67115ee6939,hayastan.singles,available,9.49,33.99,medium,low,8,namesilo,,,20/09/2026 06:40
fc760224-bf46-4824-90af-02bf14eed041,linear.singles,available,3.98,36.98,high,low,6,namecheap,,,
56c4b5f2-394f-4151-8d22-91f3af3b05cc,ibanking.singles,available,9.49,33.99,medium,low,9,namesilo,,,20/09/2026 00:37
b6cebde7-df6d-4127-9ee0-d0a598e2ed4f,adhere.singles,available,9.49,33.99,high,low,6,namesilo,,,23/09/2026 17:04
46655f4e-3992-4eca-b257-bda4fac26d6d,snidely.singles,available,3.98,36.98,low,low,7,namecheap,,,16/09/2026 03:18
2f23ed18-1535-45be-971e-98faf21ada23,unbending.singles,available,3.98,36.98,medium,low,9,namecheap,,,12/09/2026 01:48
e9e5ebcd-0d5d-4b28-8f4e-2a8874092523,gorgeous.singles,resell,12.99,,high,low,8,"GoDaddy.com, LLC",09/07/2026 08:21,09/07/2027 08:21,26/09/2026 06:27
a1e66574-596f-4b95-8a7d-9bc9fdacfee4,yielding.singles,available,3.98,36.98,high,low,8,namecheap,,,13/09/2026 14:36
463dd307-c493-4f7e-a5f1-85953bc02a73,publish.singles,available,9.49,33.99,high,low,7,namesilo,,,28/09/2026 06:03
1c930818-ecd7-430d-8812-e3ec45c60e74,willard.singles,available,9.49,33.99,medium,low,7,namesilo,,,25/09/2026 05:33
6543f8b8-5a82-4d0c-8980-fa9edcb75eb2,symptoms.singles,available,3.31,27.11,medium,low,8,spaceship,,,27/09/2026 22:08
24dde5fb-c4b7-4291-b02f-9ceeb661cb6f,figurative.singles,available,12.99,43.99,medium,low,10,name.com,,,19/09/2026 14:22
dde97ae1-1b9c-48d9-9749-8437639314e7,abasic.singles,available,3.98,36.98,medium,low,6,namecheap,,,
02030246-f18b-4746-bf4c-6b58dbcd4a22,aswan.singles,available,9.49,33.99,medium,low,5,namesilo,,,20/09/2026 16:34
d1847a60-afcb-4683-9f44-8544338692dc,scentless.singles,available,3.98,36.98,medium,low,9,namecheap,,,09/09/2026 23:00
b1a7887f-e53d-4daf-b8a9-95c9407bd892,argentine.singles,available,,,high,high,9,,,,
79451f35-a9c1-4b52-94e4-ee5c02edc64e,alkyne.singles,available,9.49,33.99,high,low,6,namesilo,,,17/09/2026 00:25
f571e636-4fc1-4416-922a-40ffd135b425,disheveled.singles,available,3.98,36.98,medium,low,10,namecheap,,,14/08/2026 10:56
8d810ac5-527a-45f8-9a32-aa8f5c8326fd,nineties.singles,available,9.49,33.99,medium,low,8,namesilo,,,16/09/2026 12:01
179be246-a88b-468d-bff8-0705e95464a0,stellar.singles,available,9.49,33.99,high,medium,7,namesilo,,,22/09/2026 10:32
09444a9c-5549-41e0-aa91-596ed5b927c6,dietary.singles,available,3.98,36.98,high,low,7,namecheap,,,08/09/2026 15:41
0650aaac-930b-4630-a0b7-2e5dd469ae65,anisette.singles,available,3.98,36.98,medium,low,8,namecheap,,,19/09/2026 09:29
2fc6992e-42c1-456f-a534-e1eee120b059,apogamy.singles,available,3.98,36.98,medium,low,7,namecheap,,,19/09/2026 18:27
45330873-629e-4401-98c0-71227c4b81aa,submarine.singles,available,3.98,36.98,high,low,9,namecheap,,,11/09/2026 00:16
2eb07535-83ed-4783-9559-3a220e34f7fa,layer.singles,available,12.99,,high,low,5,name.com,,,
abb0c48a-7c7c-4d64-96ea-08f15e6c3249,employer.singles,available,12.99,,high,low,8,name.com,,,
e68fb5f3-a2e3-47b4-96c7-d4d57d8b0481,bismark.singles,available,3.98,36.98,medium,low,7,namecheap,,,23/09/2026 09:37
29aafb30-fc8d-4430-9c99-ed7e96da463f,catclaw.singles,available,9.49,33.99,medium,low,7,namesilo,,,23/09/2026 23:59
6e08ccbf-9300-4b9e-b1f0-89103f7ff93e,harrison.singles,available,9.49,33.99,high,low,8,namesilo,,,23/09/2026 08:20
d8904e89-cb6c-4cf2-b0e3-8e665b27e3f0,fame.singles,available,7.17,28.04,high,low,4,dynadot,,,28/09/2026 07:34
4b55b50f-28fb-4500-9288-e30c46171b11,quarter.singles,available,3.31,27.11,high,low,7,spaceship,,,28/09/2026 00:50
0273a48b-1418-4d76-9a50-f248d0457378,unpainted.singles,available,3.98,36.98,medium,low,9,namecheap,,,12/09/2026 16:25
97ab6a04-76c7-4fa1-8401-122b4be51223,insular.singles,available,3.98,36.98,medium,low,7,namecheap,,,22/08/2026 07:38
8b775a7f-cb03-4b86-99fa-1fc8ce5208e8,csa.singles,available,9.49,33.99,high,low,3,namesilo,,,27/09/2026 17:26
6d1f4975-95be-4713-812f-d66cd93fc1ee,whacking.singles,available,3.98,36.98,medium,low,8,namecheap,,,13/09/2026 11:09
83e8feff-cd87-42f7-8f4a-0537121c894c,remembering.singles,available,12.99,,high,low,11,name.com,,,
5ccc7081-52d0-44b2-9946-824008cb1011,morris.singles,available,9.49,33.99,high,low,6,namesilo,,,25/09/2026 05:42
8cdf4f81-56ab-48d6-b4bf-06c718af73fe,connector.singles,available,9.49,33.99,high,low,9,namesilo,,,24/09/2026 17:23
9eb061dc-5de7-4223-ac19-9c7cdc9226c6,sisyphean.singles,available,3.98,36.98,medium,low,9,namecheap,,,10/09/2026 08:58
1fc0ff4d-4fcf-4207-be66-219f8c1cfa21,usda.singles,available,3.98,36.98,medium,low,4,namecheap,,,17/09/2026 19:25
28a88b09-b96c-461f-af83-601f9625657e,realized.singles,available,9.49,33.99,high,low,8,namesilo,,,23/09/2026 17:28
cfabc4cc-d16d-4038-88c7-d501833b73a2,comfy.singles,available,9.49,33.99,high,low,5,namesilo,,,23/09/2026 15:10
78072ce4-bc5d-4a41-be1d-58efe680d8d3,asteroidea.singles,available,9.49,33.99,medium,low,10,namesilo,,,20/09/2026 17:14
c63987f2-fc57-41fc-b16f-699c09233b1d,reverie.singles,available,9.49,33.99,high,low,7,namesilo,,,17/09/2026 21:59
f68bee8f-9b29-4ee0-9e43-7c0145067295,aalst.singles,available,9.49,33.99,medium,low,5,namesilo,,,16/09/2026 13:16
f052f87b-5192-4348-9fb3-6cd04dd1dd0e,strut.singles,available,3.98,36.98,high,low,5,namecheap,,,11/09/2026 05:11
33bb43da-788c-4a58-9d79-d35689208a24,adherent.singles,available,3.98,36.98,high,low,8,namecheap,,,
962499f4-fbf0-4930-a2bf-a3227b86e24b,atrovent.singles,available,9.49,33.99,medium,low,8,namesilo,,,21/09/2026 01:03
da6ba0da-a54f-4301-a69b-19f71a43664b,bambino.singles,available,9.49,33.99,high,low,7,namesilo,,,22/09/2026 00:39
5646dce0-859d-4c3d-83a0-17162ffd867a,class.singles,available,12.99,,high,low,5,name.com,,,
0066b4a8-5c23-4490-9b83-1320aced5a4c,afrl.singles,available,9.49,33.99,medium,low,4,namesilo,,,17/09/2026 15:27
00f5683c-1b4b-46d8-999e-8ce260643ee1,bathsheba.singles,available,9.49,33.99,medium,low,9,namesilo,,,22/09/2026 13:52
a14b9c2c-c8c1-46aa-b85b-2ca77b0cc4df,blueness.singles,available,3.98,36.98,high,low,8,namecheap,,,10/08/2026 15:51
68f03d97-dfed-46c9-a294-0a4ea6be1e51,chromatic.singles,available,3.98,36.98,high,low,9,namecheap,,,12/08/2026 07:22
d50e50b6-abe8-485e-959c-f44537f785e5,truculent.singles,available,3.98,36.98,medium,low,9,namecheap,,,11/09/2026 20:29
4a040837-df2b-4311-a962-ec9fb116e86f,highest.singles,available,9.49,33.99,medium,low,7,namesilo,,,25/09/2026 16:49
3aca3534-3eba-4589-bf35-a93d3750d685,uncommon.singles,available,3.98,36.98,high,low,8,namecheap,,,12/09/2026 05:57
ab000c01-aee1-4ec9-a4ae-8c52261e28b5,insure.singles,available,12.99,,high,low,6,name.com,,,
72880b0e-13de-41de-a264-bb15d140e3fb,sunblind.singles,available,9.49,33.99,medium,low,8,namesilo,,,21/09/2026 10:15
4d7131f4-03db-40a2-970e-2551cec0e865,recipient.singles,available,12.99,,high,low,9,name.com,,,
06514aaf-2d5e-4364-98be-707a96a1ec80,pricing.singles,available,12.99,,high,low,7,name.com,,,
16ae1fb7-0e8a-4922-b963-10ad88d89296,bared.singles,available,9.49,33.99,medium,low,5,namesilo,,,22/09/2026 17:24
40861872-f3a2-4c11-bfda-c88eb4ebac1e,plough.singles,available,9.49,33.99,medium,low,6,namesilo,,,23/09/2026 14:29
12e9e6eb-3215-40d3-8b78-d0402f19a904,lhasa.singles,available,9.49,33.99,high,low,5,namesilo,,,24/09/2026 12:27
c4c37f92-82ea-43b3-a226-d84a4b106bbf,extralegal.singles,available,3.98,36.98,medium,low,10,namecheap,,,17/08/2026 19:14
dc8bb075-d2e5-480b-9b4d-5e17c0e6ea0e,balthasar.singles,available,9.49,33.99,high,low,9,namesilo,,,22/09/2026 00:15
0f10889a-1186-42c7-a87a-9eda2cdcdef6,backpack.singles,available,12.99,,high,low,8,name.com,,,
7347e063-1b24-49d6-b13b-d354446bedcd,colin.singles,available,9.49,33.99,high,low,5,namesilo,,,26/09/2026 03:20
a822e722-7c65-49d0-a949-ce6c86c76936,charlie.singles,available,3.98,36.98,high,medium,7,namecheap,,,25/09/2026 18:14
8dc96d3c-8a9e-435a-9ba3-3304bc70a4e6,makes.singles,available,9.49,33.99,high,low,5,namesilo,,,16/09/2026 09:30
38ac2a21-b782-4c4d-bc16-fc91f5f70ccc,neoclassic.singles,available,3.98,36.98,medium,low,10,namecheap,,,03/09/2026 15:21
393555bb-113a-4463-9b98-c93fe282e274,cleanable.singles,available,3.98,36.98,medium,low,9,namecheap,,,12/08/2026 10:19
793d0243-94bc-4bc1-b71a-4f22f311612f,annaba.singles,available,9.49,33.99,medium,low,6,namesilo,,,19/09/2026 10:03
2b8a08b3-6dc7-431a-8d15-c0b5913eef87,summary.singles,available,3.98,36.98,high,low,7,namecheap,,,23/09/2026 17:08
0ac1d306-bd9a-43c9-a14f-2413d17b3247,skill.singles,available,12.99,,high,medium,5,name.com,,,
4e52fb39-f34d-4600-8db7-15aa69fb5c6c,criminals.singles,available,3.98,36.98,low,low,9,namecheap,,,27/09/2026 03:03
63f6d507-84b4-4bf8-9fc2-505768f8e4e6,plumy.singles,available,3.98,36.98,medium,low,5,namecheap,,,18/08/2026 00:25
cda16f9e-d3f4-450e-953f-35c7325f7e37,woodruff.singles,available,3.98,36.98,high,low,8,namecheap,,,20/09/2026 15:04
aeebd032-8eb7-47c0-af14-1c2c6b64fcd6,lentils.singles,available,9.49,33.99,medium,low,7,namesilo,,,21/09/2026 05:31
491e5b9b-904d-4b17-aac0-6142296f7ef3,advantage.singles,available,12.99,,high,low,9,name.com,,,
c92e6971-0549-48ec-b139-9cbc3ab3867a,report.singles,available,12.99,,high,low,6,name.com,,,
5a412602-5735-457b-807e-406043d57d0c,soundly.singles,available,9.49,33.99,medium,low,7,namesilo,,,16/09/2026 05:34
a6fa86d0-b4d2-4210-a29f-62439dc138dd,kangeroo.singles,available,12.99,,medium,low,8,name.com,,,
ecf74d6f-5d3c-4fdc-bfd2-c73cc01abb9d,gratefully.singles,available,3.98,36.98,medium,low,10,namecheap,,,13/09/2026 20:28
a74deb2a-79f3-40f7-913f-76553990a3cd,batwing.singles,available,3.98,36.98,medium,low,7,namecheap,,,09/08/2026 01:49
84d22c67-ad3d-43b8-914a-3174e0930505,guarded.singles,available,3.98,36.98,high,low,7,namecheap,,,20/08/2026 20:41
2da3063e-7afa-485f-9b8e-30a589a619df,lieutenant.singles,available,26.2,26.2,high,low,10,cloudflare,,,28/09/2026 02:16
bdd28cfa-706c-4a6e-bfca-ce46747bcc0a,jiang.singles,available,3.98,36.98,high,low,5,namecheap,,,27/09/2026 08:14
f2eb553c-9c43-45bb-84c5-3966b8112c5e,cimmerian.singles,available,3.98,36.98,medium,low,9,namecheap,,,12/08/2026 08:11
dfc708ed-9b2e-4ad4-98ec-0e08058b9eab,passport.singles,available,9.49,33.99,high,low,8,namesilo,,,27/09/2026 04:57
d7bab7fd-f588-435f-ba70-c41fb09f9d86,happiest.singles,available,9.49,33.99,medium,low,8,namesilo,,,18/09/2026 04:16
6b922244-6bd3-4802-a826-f906ebd198cd,ccp.singles,available,9.49,33.99,medium,low,3,namesilo,,,26/09/2026 03:21
a22a31a7-015f-4371-985b-48202d4db3d8,tense.singles,available,3.98,36.98,high,low,5,namecheap,,,11/09/2026 11:26
24972174-2bc7-4b53-8e92-76d451a75009,linguistic.singles,available,3.98,36.98,high,low,10,namecheap,,,23/08/2026 15:05
ba0d778f-eba2-4b34-b04f-617461894635,plausible.singles,available,3.98,36.98,high,low,9,namecheap,,,08/09/2026 20:55
536230d3-f33f-40f6-b437-559c846beacc,masters.singles,available,12.99,,high,low,7,name.com,,,
800835d0-26cc-4b4b-a71d-be455ffa7bb9,kinsey.singles,available,9.49,33.99,high,low,6,namesilo,,,18/09/2026 06:26
19e488a9-0137-4b6e-883b-2fdf9af2d923,revered.singles,available,9.49,33.99,high,low,7,namesilo,,,27/09/2026 14:02
3091868b-2537-4eb3-b8ab-32afe5a172fb,initials.singles,available,9.49,33.99,medium,low,8,namesilo,,,28/09/2026 08:37
414c4cb0-3106-447c-8bc8-1cbb214dd74f,turnovers.singles,available,3.98,36.98,medium,low,9,namecheap,,,19/09/2026 22:02
093da26b-3389-49ab-ac8a-bc6f6108d49f,restaurants.singles,available,3.98,36.98,high,low,11,namecheap,,,24/09/2026 21:11
56129774-696b-43db-ab75-4cc72d0b708d,premarital.singles,available,9.49,33.99,high,low,10,namesilo,,,22/09/2026 06:09
4d099804-3a1f-4fa0-b57a-7bed3748f833,crap.singles,available,12.99,,medium,low,4,name.com,,,
300c9ac6-ea63-49d3-b44c-439c4938cb0d,diagnostic.singles,available,3.98,36.98,high,low,10,namecheap,,,14/08/2026 05:47
82dc965a-1033-4743-833d-869022739190,injection.singles,available,7.21,27.29,high,low,9,porkbun,,,28/09/2026 06:02
eb0d2a07-1145-425e-821d-03a67afd83ef,berra.singles,available,9.49,33.99,medium,low,5,namesilo,,,23/09/2026 10:04
d228ad44-7b42-4161-862a-7de02f7a6c52,enquirer.singles,available,9.49,33.99,high,low,8,namesilo,,,20/09/2026 14:24
53faab3a-9938-4aed-946e-42d8afc991b6,puerile.singles,available,3.98,36.98,medium,low,7,namecheap,,,09/09/2026 05:30
0b0b6174-79c3-42e3-b12d-069d80ddde5b,beano.singles,available,3.98,36.98,high,low,5,namecheap,,,22/09/2026 20:40
9d149b03-c124-42fe-870c-ce3b0638c7ef,efferent.singles,available,3.98,36.98,medium,low,8,namecheap,,,15/08/2026 14:22
6cbadf6f-25e7-41e0-8d8f-73049e9e0e66,evocative.singles,available,3.98,36.98,high,low,9,namecheap,,,17/08/2026 15:14
25348c01-0b90-42be-8dcf-5bf24f306aef,sentient.singles,available,3.98,36.98,high,medium,8,namecheap,,,10/09/2026 03:52
63d06529-8d07-4fc7-8983-5c9c8e16232b,medals.singles,available,12.99,,high,low,6,name.com,,,
72cf3a24-2455-4e63-b07a-984b9423a335,imaginary.singles,available,3.98,36.98,high,low,9,namecheap,,,21/08/2026 20:16
ed09a938-64c6-4dfb-808e-13b4b01d12f4,echoic.singles,available,3.98,36.98,medium,low,6,namecheap,,,14/08/2026 23:34
1cbd4cb9-4fc8-432e-b568-a9783497a56e,accredited.singles,available,9.49,33.99,high,low,10,namesilo,,,21/09/2026 15:54